prism_id,last_name,first_name,middle_name,birth_year,birth_month,birth_day,bbref_id,espn_id,fangraphs_id,mlbam_id,nfbc_id,sfbb_id,yahoo_id
02vlgbhh3r,Baldwin,Drake,,2001,3,28,baldwdr01,,31539,686948,12203,baldwdr01,60077
04tb2mnv00,Vientos,Mark,,1999,12,11,vientma01,,22184,668901,10282,vientma01,10922
05811gffwh,Marte,Starling,,1988,10,9,martest01,,9241,516782,7736,martest01,9118
05tt9hm92w,Montas,Frankie,,1993,3,21,montafr02,,14309,593423,9103,montafr02,10027
06bz39jtdr,Stephan,Trevor,,1995,11,25,stephtr01,,19932,663986,11194,stephtr01,11357
07hcbld48d,Lodolo,Nick,,1998,2,5,lodolni01,,26378,666157,10964,lodolni01,11750
08wv6yyerm,Adam,Jason,,1991,8,4,adamja01,,11861,592094,10025,adamja01,11009
09c13ce6m8,Lowder,Rhett,,2002,3,8,lowderh01,,33876,695076,11933,lowderh01,62977
0c78jp1njh,Urquidy,Jose,,1995,5,1,urquijo01,,18413,664353,10645,urquijo01,11608
0e08y8503m,Pederson,Joc,,1992,4,21,pederjo01,,11899,592626,8688,pederjo01,9414
0evxssp0ew,Penrod,Zach,,1997,6,16,penroza01,,25368,683068,12184,,63330
0fqwpk88q0,Glasnow,Tyler,,1993,8,23,glasnty01,,14374,607192,8700,glasnty01,9616
0h8pkhx25w,Duran,Jarren,,1996,9,5,duranja01,,24617,680776,10824,duranja01,11735
0hl71p64rw,Butto,Jose,,1998,3,19,buttojo01,,23313,676130,11400,buttojo01,12337
0jtfbksky4,Kreidler,Ryan,,1997,12,12,kreidry01,,25867,668952,11324,kreidry01,12428
0kqb4s0qbm,Aldegheri,Sam,,2001,9,19,aldegsa01,,26443,691951,12170,,63620
0kz9s3m1ew,Castellanos,Nick,,1992,3,4,casteni01,,11737,592206,8221,casteni01,9108
0lmr7qkmfd,Swanson,Erik,,1993,9,4,swanser01,,16587,657024,10449,swanser01,11236
0m24y75cmm,Alexander,Blaze,,1999,6,11,alexabl01,,23789,677942,10142,alexabl01,11415
0qnhprcy74,Houck,Tanner,,1996,6,29,houckta01,,19879,656557,11068,houckta01,10852
0r5rlppgn0,Moncada,Yoan,,1995,5,27,moncayo01,,17232,660162,8979,moncayo01,9900
0vzk26es0m,Heaney,Andrew,,1991,6,5,heanean01,,15423,571760,8670,heanean01,9586
0x9v79c9xm,Scott,Victor,,2001,2,12,scottvi01,,31349,687363,11947,scottvi01,61888
0yh1r3kcr8,Ragans,Cole,,1997,12,12,raganco01,,21846,666142,10166,raganco01,10610
0ywnctc694,Springer,George,,1989,9,19,springe01,,12856,543807,8433,springe01,9339
0zr8qbqwwh,Whitcomb,Shay,,1998,9,28,whitcsh01,,27789,694376,12156,whitcsh01,12442
0zwcy8rnjd,Rodriguez,Endy,,2000,5,26,rodrien01,,25332,682848,11584,rodrien01,12160
10r73cbf1h,Vargas,Miguel,,1999,11,17,vargami01,,20178,678246,10417,vargami01,11781
11bhd7snjh,Hicks,Jordan,,1996,9,6,hicksjo03,,19618,663855,9957,hicksjo03,10947
11rndjgqch,Megill,Tylor,,1995,7,28,megilty01,,21318,656731,11227,megilty01,12215
11xr0jsdf0,Sewald,Paul,,1990,5,26,sewalpa01,,13892,623149,9642,sewalpa01,10657
150d9tvj6w,Singleton,Jonathan,,1991,9,18,singljo02,,10441,572138,8213,singljo02,9099
15rbr3dj18,Sasaki,Roki,,2001,11,3,sasakro01,,35323,808963,11940,sasakro01,64803
16dnyyqtvh,Ginkel,Kevin,,1994,3,24,ginkeke01,,19876,656464,10662,ginkeke01,11626
16hqjnv2f0,De La Cruz,Elly,,2002,1,11,delacel01,,26668,682829,11583,delacel01,12393
173yd4sz10,Dezenzo,Zach,,2000,5,11,dezenza01,,31562,701305,12145,dezenza01,62488
1770csh9rw,Chourio,Jackson,,2004,3,11,chourja01,,28806,694192,11738,chourja01,12480
179kf9rszd,Koenig,Jared,,1994,1,24,koenija01,,27517,657649,11489,koenija01,12630
17m05z683m,Busch,Michael,,1997,11,9,buschmi02,,26319,683737,11048,buschmi02,11778
17z200v114,Guenther,Sean,,1995,12,29,guentse01,,20045,674944,11251,,12240
18b9ft0lsm,Heyward,Jason,,1989,8,9,heywaja01,,4940,518792,7112,heywaja01,8621
19z56wdcp4,Akin,Keegan,,1995,4,1,akinke01,,19362,669211,10524,akinke01,10431
1bxfymq8c8,Bohm,Alec,,1996,8,3,bohmal01,,21618,664761,10125,bohmal01,11365
1c0q97f6l4,McArthur,James,,1996,12,11,mcartja01,,21527,663704,11345,mcartja01,12324
1csr1ftepw,Winker,Jesse,,1993,8,17,winkeje01,,13590,608385,8647,winkeje01,9561
1e73wj2q2w,Casparius,Ben,,1999,2,11,caspabe01,,30085,676508,12159,caspabe01,64785
1e94bxk0n0,Garrett,Braxton,,1997,8,5,garrebr01,,21844,666129,10147,garrebr01,10513
1ejgth7tjm,Hodge,Porter,,2001,2,21,hodgepo01,,26413,687863,11980,hodgepo01,60122
1exwd6tpgd,Yamamoto,Yoshinobu,,1998,8,17,yamamyo01,,33825,808967,11883,yamamyo01,63423
1f0tfqzd1m,Lopez,Pablo,,1996,3,7,lopezpa01,,17085,641154,9876,lopezpa01,11057
1f8wshbjeh,Diaz,Alexis,,1996,9,28,diazal03,,21132,664747,11350,diazal03,12301
1g7jer53gm,Hill,Tim,,1990,2,10,hillti01,,16814,657612,9980,hillti01,10986
1h0x6fqded,Adames,Willy,,1995,9,2,adamewi01,,15986,642715,8971,adamewi01,9893
1h5g93whx0,Sanchez,Jesus,,1997,10,7,sanchje02,,19913,660821,10236,sanchje02,10951
1hbcnx404d,Solano,Donovan,,1987,12,17,solando01,,8623,456781,8294,solando01,9190
1hllvhgm6d,Gaddis,Hunter,,1998,4,9,gaddihu01,,25636,683769,11528,gaddihu01,12665
1hq09jf8j4,Kingery,Scott,,1994,4,29,kingesc01,,17975,664068,9777,kingesc01,10558
1hy1kh0gq4,Correa,Carlos,,1994,9,22,correca01,,14162,621043,8656,correca01,9573
1jk3vm9ys4,Polanco,Jorge,,1993,7,5,polanjo01,,13152,593871,8832,polanjo01,9750
1kz8fw8fpd,Encarnacion-Strand,Christian,,1999,12,1,encarch01,,30011,687952,11736,encarch01,60131
1llkqnz63d,Assad,Javier,,1997,7,30,assadja01,,21741,665871,11547,assadja01,12682
1mjk498ryr,India,Jonathan,,1994,12,15,indiajo01,,21523,663697,10248,indiajo01,11292
1mk0m1yry4,Benintendi,Andrew,,1994,7,6,beninan01,,17901,643217,9417,beninan01,10159
1npf6yzjv4,Rocchio,Brayan,,2001,1,13,rocchbr01,,23690,677587,10379,rocchbr01,11448
1xtvws4mjm,Slaten,Justin,,1997,9,15,slateju01,,25648,686580,12008,slateju01,63500
1z64zzr8xm,Blanco,Ronel,,1993,8,31,blancro01,,19407,669854,11447,blancro01,12590
1z788n9k5h,Mederos,Victor,,2001,6,8,medervi01,,31533,682989,11819,,60229
2030d8759h,Gonzales,Nick,,1999,5,27,gonzani01,,27490,693304,11038,gonzani01,12049
2194fn1ggd,Morillo,Juan,,1999,3,19,morilju02,,21924,666661,12380,,62467
22wpe4ndkw,Turang,Brice,,1999,11,21,turanbr02,,22186,668930,10151,turanbr02,11343
292ge5lh1w,Fernández,Yanquiel,,2003,1,1,,,sa3015648,692585,12219,,60149
294vkhwpbd,Cowser,Colton,,2000,3,20,cowseco01,,29591,681297,11609,cowseco01,12369
29lzqdt098,Kershaw,Clayton,,1988,3,19,kershcl01,,2036,477132,7150,kershcl01,8180
2bmebsk4m0,Gimenez,Andres,,1998,9,4,gimenan01,,19950,665926,10133,gimenan01,10919
2dbglnh3nw,McCullers,Lance,,1993,10,2,mcculla02,,14120,621121,8659,mcculla02,9575
2e24phvw2w,Lopez,Nicky,,1995,3,13,lopezni01,,19339,670032,10301,lopezni01,11321
2evzy5jhym,Hancock,Emerson,,1999,5,31,hancoem01,,27470,676106,10873,hancoem01,11988
2hvy9ch3eh,Mahle,Tyler,,1994,9,29,mahlety01,,16358,641816,9742,mahlety01,10455
2jp9fsnmw4,Rodriguez,Emmanuel,,2003,2,28,rodriem01,,sa3014693,691181,11990,rodriem01,12487
2jw6gzhmw0,Darrell-Hicks,Michael,,1997,11,13,darremi01,,31501,690382,12375,,63902
2klktf9c80,Leon,Pedro,,1998,5,28,leonpe01,,27781,694175,11198,leonpe01,12226
2kpv1cqgt0,Ray,Robbie,,1991,10,1,rayro02,,11486,592662,8775,rayro02,9691
2mfrvjc2hw,Cruz,Oneil,,1998,10,4,cruzon01,,21711,665833,10305,cruzon01,11370
2n7s42cqz8,Singer,Brady,,1996,8,4,singebr01,,25377,663903,10145,singebr01,11323
2p5fbwqhg8,Barger,Addison,,1999,11,12,bargead01,,24598,680718,11596,bargead01,12741
2q1v3gpkn0,Abrams,CJ,,2000,10,3,abramcj01,,25768,682928,11045,abramcj01,11822
2qewck3fgh,Ginn,J.T.,,1999,5,20,ginnjt01,,27889,669372,12161,ginnjt01,12158
2r3tgn2304,Contreras,William,,1997,12,24,contrwi02,,20503,661388,10364,contrwi02,11268
2r6xbqmh8m,Turner,Justin,,1984,11,23,turneju01,,5235,457759,7742,turneju01,8588
2swg173gbw,Dunn,Blake,,1998,9,5,dunnbl01,,29487,694362,11925,dunnbl01,62315
2tvqvmze6r,Sheets,Gavin,,1996,4,23,sheetga01,,19901,657757,10204,sheetga01,10879
2txyjb8jh8,Story,Trevor,,1992,11,15,storytr01,,12564,596115,8658,storytr01,9571
2xw5y9y8q8,Keaschall,Luke,,2002,8,15,keasclu01,,33321,807712,12228,keasclu01,63023
2ymf23xyqm,Kelly,Zack,,1995,3,3,kellyza01,,20349,677161,11551,kellyza01,12686
2yqfzwe0zr,Montgomery,Jordan,,1992,12,27,montgjo01,,16511,656756,9646,montgjo01,10660
2yxefdg1w8,Anderson,Justin,,1992,9,28,anderju01,,16201,605121,10023,anderju01,11002
2zsk4ctnvh,Castillo,Luis,Felipe,1995,3,10,castilu03,,20638,622379,11529,,12666
32tbdgzdph,Priester,Quinn,,2000,9,15,priesqu01,,25977,682990,11131,priesqu01,11820
348y7e1yr4,Baz,Shane,,1999,6,17,bazsh01,,22264,669358,10331,bazsh01,10934
34ctt3wnv0,Guerrero,Luis,Sadiel,2000,8,5,guerrlu01,,31184,692285,12176,,61779
364zk9pxcw,McDaniels,Garrett,,1999,12,15,mcdanga01,,31751,680729,12317,,64865
38604phjph,Pivetta,Nick,,1993,2,14,pivetni01,,15454,601713,9570,pivetni01,10683
39ntptknt0,Burke,Sean,,1999,12,18,burkese01,,29878,680732,11755,burkese01,12418
3cg49c6mjm,Mitchell,Garrett,,1998,9,4,mitchga01,,27555,669003,11204,mitchga01,12152
3cgx0c7yy4,Bernardino,Brennan,,1992,1,15,bernabr01,,16835,657514,11522,,12661
3dbkhbglsm,Friedl,TJ,,1995,8,14,friedtj01,,19522,670770,10344,friedtj01,11290
3dml3kdtpw,Hamilton,David,,1997,9,29,hamilda03,,27531,666152,11645,hamilda03,12732
3e60epbh80,Tena,Jose,,2001,3,20,tenajo01,,23691,677588,11383,tenajo01,12318
3j0ymf9vgh,Rojas,Johan,,2000,8,14,rojasjo03,,24336,679032,11643,rojasjo03,12508
3j9xlebq2m,O'Hearn,Ryan,,1993,7,26,ohearry01,,16442,656811,9824,ohearry01,10485
3jg02kekbh,Young,Jacob,,1999,7,27,youngja03,,29931,696285,11846,youngja03,62138
3jqhcht4wr,Wacha,Michael,,1991,7,1,wachami01,,14078,608379,8426,wachami01,9329
3m851mfbg4,Fitts,Richard,,1999,12,17,fittsri01,,30160,690916,12014,fittsri01,60306
3pg55nd7xm,Caratini,Victor,,1993,8,17,caratvi01,,14968,605170,9262,caratvi01,10748
3qn48ybvch,Malloy,Justyn-Henry,,2000,2,19,malloju02,,29606,669234,11617,malloju02,60173
3qt468s9e4,Hoglund,Gunnar,,1999,12,17,hoglugu01,,31318,680684,12269,hoglugu01,12569
3qvdkkrclm,Abreu,Bryan,,1997,4,22,abreubr01,,16609,650556,10381,abreubr01,11208
400hzjq370,Boyle,Joe,,1999,8,14,boylejo01,,29608,671212,11868,boylejo01,60134
42vf8vpsh0,Profar,Jurickson,,1993,2,20,profaju01,,10815,595777,8228,profaju01,9112
43p9s12qg0,Tovar,Ezequiel,,2001,8,1,tovarez01,,24064,678662,11346,tovarez01,12322
442f0hlwy0,Ort,Kaleb,,1992,2,5,ortka01,,20061,672391,11286,ortka01,12268
45cnhnywch,Suarez,Ranger,,1995,8,26,suarera01,,17277,624133,9840,suarera01,11117
463kbvmppd,Valdez,Framber,,1993,11,19,valdefr01,,17295,664285,10083,valdefr01,11138
465nxnbxn8,Hollowell,Gavin,,1997,11,4,holloga01,,25427,668970,11577,,12702
4697wm26p4,Carroll,Corbin,,2000,8,21,carroco02,,25878,682998,11025,carroco02,11722
47l5d967zr,Green,Chad,,1991,5,24,greench03,,15552,643338,9361,greench03,10293
47p3rsybk0,Reynolds,Sean,,,,,reynose01,,22253,669308,11642,,12715
497gh2fs80,Barrosa,Jorge,,2001,2,17,barrojo01,,23968,678489,11665,,12749
49jvbp64c8,Brogdon,Connor,,1995,1,29,brogdco01,,21205,641401,11019,brogdco01,11955
49slecbzdr,Castillo,Luis,,1992,12,12,castilu02,,15689,622491,9506,castilu02,10514
4c7tmsylbm,Jackson,Luke,,1991,8,24,jackslu01,,11752,592426,8716,jackslu01,9632
4cp4t59mx4,Maeda,Kenta,,1988,4,11,maedake01,,18498,628317,9183,maedake01,10105
4czfbsfpyr,Soto,Juan,,1998,10,25,sotoju01,,20123,665742,10030,sotoju01,10626
4dbc2y6pfh,Mauricio,Ronny,,2001,4,4,mauriro01,,23698,677595,10318,mauriro01,11351
4fz7cpcl70,Manning,Matt,,1998,1,28,mannima02,,20369,666159,10285,mannima01,10474
4h7y1x8q5w,Thielbar,Caleb,,1987,1,31,thielca01,,10078,573204,8494,thielca01,9402
4hmq31cb28,Kremer,Dean,,1996,1,7,kremede01,,19350,665152,10183,kremede01,11428
4k57ymh5z0,Ramirez,Jose,,1992,9,17,ramirjo01,,13510,608070,8594,ramirjo01,9507
4kgcnf792d,Ryan,Joe,,1996,6,5,ryanjo04,,21390,657746,10786,ryanjo04,11847
4le2fhhdfr,Gray,Jon,,1991,11,5,grayjo02,,14916,592351,8653,grayjo02,9567
4lyz3jkz64,Knack,Landon,,1997,7,15,knackla01,,27487,689017,11058,knackla01,12038
4mydlbvlmw,Wynns,Austin,,1990,12,10,wynnsau01,,15271,642851,9828,wynnsau01,11033
4n1bkmjykm,Schuemann,Max,,1997,6,11,schuema01,,24488,680474,11427,schuema01,62078
4pszvsgjdw,Pepiot,Ryan,,1997,8,21,pepiory01,,26221,686752,11059,pepiory01,12036
4q4074nm7r,Kopech,Michael,,1996,4,30,kopecmi01,,17282,656629,9779,kopecmi01,10412
4qm7ecdz2m,Herz,DJ,,2001,1,4,herzdj01,,26389,687792,11969,herzdj01,63299
4rtlwv2150,Lowe,Brandon,,1994,7,6,lowebr01,,18882,664040,10068,lowebr01,11125
4s214x2ler,Caminero,Junior,,2003,7,25,caminju01,,28163,691406,11875,caminju01,60419
4sggbwmmb8,Soto,Gregory,,1995,2,11,sotogr01,,19677,642397,9892,sotogr01,10882
4t93xrht48,Diaz,Edwin,,1994,3,22,diazed04,,14710,621242,9376,diazed04,10214
4wv3r5dcnw,Clevinger,Mike,,1990,12,21,clevimi01,,12808,605182,9210,clevimi01,10296
4x64hjycnm,Perkins,Blake,,1996,9,10,perkibl01,,19921,663368,11719,perkibl01,11472
4y2csnrk0d,Pressly,Ryan,,1988,12,15,pressry01,,7005,519151,8452,pressry01,9358
4z3sfm8hg8,Fortes,Nick,,1996,11,11,forteni01,,21538,663743,11289,forteni01,12271
5148sbchem,McGreevy,Michael,,2000,7,8,mcgremi01,,29869,700241,12137,mcgremi01,12549
51jw5qfys4,Garcia,Jhostynxon,,2002,12,11,,,sa3015523,691373,12279,,62404
52y4r95nz8,Moniak,Mickey,,1998,5,13,moniami01,,19956,666160,9784,moniami01,10557
53qcwqylp0,Soroka,Mike,,1997,8,4,sorokmi01,,18383,647336,9791,sorokmi01,10423
54sm082zfd,Myers,Tobias,,1998,8,5,myersto01,,22191,668964,10345,myersto01,11547
54vyfbf9sw,Joyce,Ben,,2000,9,17,joycebe01,,31461,690829,11754,joycebe01,60218
555nrdeje8,Verlander,Justin,,1983,2,20,verlaju01,,8700,434378,5420,verlaju01,7590
55xpqbs1th,Beck,Tristan,,1996,6,24,becktr01,,21584,663941,10352,becktr01,11420
569zjk2leh,Hicklen,Brewer,,1996,2,9,hicklbr01,,20450,676551,11477,,11570
56wqh0fkyr,Rodgers,Brendan,,1996,8,19,rodgebr02,,17907,663898,9781,rodgebr02,10230
58p4fkx89m,DeJong,Paul,,1993,8,2,dejonpa01,,18015,657557,9666,dejonpa01,10713
5cffnm9vpw,Brown,Ben,,1999,9,9,brownbe02,,23590,676962,11935,brownbe02,12748
5dmpwvj910,D'Arnaud,Travis,,1989,2,10,darnatr01,,7739,518595,8211,darnatr01,9096
5dpsrhbkl0,Hoerner,Nico,,1997,5,13,hoernni01,,21479,663538,10302,hoernni01,11284
5fcz8f1mcm,Clase,Emmanuel,,1998,3,18,claseem01,,21032,661403,10661,claseem01,11625
5g6zptx6z0,Call,Alex,,1994,9,27,callal02,,19296,669743,10520,callal02,12653
5gbspd7lqh,Perez,Wenceel,,1999,10,30,perezwe01,,22857,672761,10434,perezwe01,11761
5ke51jp96d,Agnos,Zach,,2000,8,15,agnosza01,,31552,688642,12221,agnosza01,64286
5ld34vey9d,Horn,Bailey,,1998,1,15,hornba01,,27753,690544,11981,,61324
5lyswm2tph,Heim,Jonah,,1995,6,27,heimjo01,,16930,641680,10705,heimjo01,11662
5p45h8k8z0,Carlson,Dylan,,1998,10,23,carlsdy01,,20126,666185,10190,carlsdy01,10643
5rymb608s0,Locklear,Tyler,,2000,11,24,locklty01,,31396,682988,12049,locklty01,60581
5vv71zhx5r,Marsh,Brandon,,1997,12,18,marshbr02,,20202,669016,10146,marshbr02,10499
5xer0ztplw,Yoshida,Masataka,,1993,7,15,yoshima02,,31837,807799,11629,yoshima02,12763
5yglslg8ch,Gallen,Zac,,1995,8,3,galleza01,,19291,668678,9944,galleza01,11116
5yv9vh04j0,King,Bryan,,,,,kingbr02,,25890,687911,12111,,64014
5zkt200g6r,Castro,Willi,,1997,4,24,castrwi01,,17338,650489,9856,castrwi01,10868
60nfk117ld,Williams,Gavin,,1999,7,26,williga01,,30122,668909,11590,williga01,12401
60qest05km,Walters,Andrew,,2000,12,8,waltean01,,33834,689958,12182,,62751
62tpq61s2m,Okert,Steven,,1991,7,9,okertst01,,13580,595345,9290,okertst01,10109
63yjbfhcnm,Robles,Victor,,1997,5,19,roblevi01,,18363,645302,9765,roblevi01,10227
6465n328e8,Isbel,Kyle,,1997,3,3,isbelky01,,21614,664728,10408,isbelky01,11471
65ghlk0rc4,Uceta,Edwin,,1998,1,9,ucetaed01,,20539,670955,11060,ucetaed01,11482
66f0vw9xfd,Steele,Justin,,1995,7,11,steelju01,,17312,657006,10477,steelju01,11202
69d5snp8t8,Acuna,Luisangel,,2002,3,12,acunalu01,,26548,682668,11614,acunalu01,11878
69qkmlhtx4,Hays,Austin,,1995,7,5,haysau01,,19363,669720,9763,haysau01,10826
69x6nmx89w,Mena,Cristian,,2002,12,21,menacr01,,27974,691441,11978,menacr01,60158
69yp1jj4mr,Manaea,Sean,,1992,2,1,manaese01,,15873,640455,8666,manaese01,9582
6cdn5ye0lr,Gordon,Colton,,1998,12,20,,,sa3019426,676467,12069,,60195
6cqr2cvj14,Del Castillo,Adrian,,1999,9,27,delcaad01,,29554,680728,12144,delcaad01,12359
6ctv9rwc0h,Cortes,Nestor,,1994,12,10,cortene01,,17874,641482,9934,cortene01,10970
6djdwrtbn4,O'Hoppe,Logan,,2000,2,9,ohopplo01,,24729,681351,11075,ohopplo01,12011
6g1b7rkfzm,Walker,Ryan,,1995,11,26,walkery01,,20423,676254,11794,walkery01,61627
6lr1094zzm,Blalock,Bradley,,2000,12,25,blalobr01,,26419,687134,11966,blalobr01,63311
6n7j3ftbm4,Miller,Bryce,,1998,8,23,millebr04,,29837,682243,11636,millebr04,12540
6p7ty6edt4,Beck,Jordan,,2001,4,19,beckjo01,,31431,687597,12084,beckjo01,60147
6rwbmer6nh,Dollander,Chase,,2001,10,26,dollach01,,33482,801403,12209,dollach01,62975
6sbxykbmbm,Flaherty,Jack,,1995,10,15,flaheja01,,17479,656427,9750,flaheja01,10592
6t00rslfx8,Stanton,Giancarlo,,1989,11,8,stantmi03,,4949,519317,7789,stantmi03,8634
6twhmnx0cr,Albies,Ozzie,,1997,1,7,albieoz01,,16556,645277,9721,albieoz01,10237
6vzk63z4p8,Wade,LaMonte,,1994,1,1,wadela01,,18126,664774,10271,wadela01,11174
6xh12c2p28,Walker,Jordan,,2002,5,22,walkejo02,,27475,691023,10885,walkejo02,12024
6ycdm0pkb4,Beeks,Jalen,,1993,7,10,beeksja02,,17192,656222,9833,beeksja02,10850
6yhbnzmgvm,Ferrer,Jose A.,,1999,12,22,ferrejo01,,24017,678606,11662,ferrejo01,12723
6yjpk4e3y4,Pages,Andy,,2000,12,8,pagesan01,,24816,681624,11682,pagesan01,12148
6ywzl0v83w,Diaz,Yilber,,2000,8,19,diazyi01,,29271,700270,12125,diazyi01,60566
71dj1klrz8,Bender,Anthony,,1995,2,3,bendean01,,19742,669622,11205,bendean01,12194
728epl7ej0,Jones,Jared,,2001,8,6,jonesja09,,27863,683003,11893,jonesja09,60907
739sj0j87r,Lee,Chase,,1998,8,13,leech02,,29574,695445,12293,,61588
74tchvn81h,Davis,Henry,,1999,9,21,davishe01,,29617,680779,11742,davishe01,12514
74ybqrzg38,Spiers,Carson,,1997,11,11,spierca01,,27685,686730,11854,spierca01,63341
7559yxw54d,Robertson,Nick,,1998,7,16,roberni01,,26226,687798,11805,,61267
75857lqzmm,Dominguez,Jasson,,2003,2,7,dominja01,,28080,691176,11749,dominja01,11805
75s2ydq04w,Hurter,Brant,,1998,9,6,hurtebr01,,30133,676428,12141,hurtebr01,60178
770e6htjg0,Holmes,Grant,,1996,3,22,holmegr01,,16944,656550,10468,holmegr01,10549
77bz73hkz4,Lee,Korey,,1998,7,25,leeko01,,25543,686676,11313,leeko01,11767
77m8f7gc0r,Gordon,Tanner,,1997,10,26,gordota01,,27669,685299,12123,,63288
78429vr5bd,Wilson,Justin,,1987,8,18,wilsoju10,,4301,458677,8007,wilsoju10,9272
78c8sb188m,Hernandez,Enrique,,1991,8,24,hernaen02,,10472,571771,8835,hernaen02,9754
78ktpnhtzr,Gil,Luis,,1998,6,3,gillu01,,21052,661563,10760,gillu01,11689
78pe00d5m8,Poteet,Cody,,1994,7,30,poteeco01,,18769,547001,11212,poteeco01,12196
7b6x2z81x4,Palencia,Daniel,,2000,2,5,palenda01,,27914,694037,11821,,60121
7bc4mc5ztw,Duran,Jhoan,,1998,1,8,duranjh01,,21029,661395,10239,duranjh01,11495
7c956dxbm8,Kikuchi,Yusei,,1991,6,17,kikucyu01,,20633,579328,10438,kikucyu01,11263
7fnbt206l4,Mears,Nick,,1996,10,7,mearsni01,,25376,683232,10910,mearsni01,11979
7hgjdj33rd,VanWey,Logan,,1999,2,14,vanwelo01,,31884,701121,12376,,62570
7jw0hsywww,McMahon,Ryan,,1994,12,14,mcmahry01,,15112,641857,9726,mcmahry01,10175
7k7pqy8gj8,Wrobleski,Justin,,2000,7,14,wroblju01,,31204,680736,12124,wroblju01,63581
7ls7tzg1tw,France,J.P.,,1995,4,4,francjp01,,21212,641585,11716,francjp01,12725
7m4yz1k7jr,Festa,Matthew,,1993,3,11,festama01,,19330,670036,10060,festama01,11068
7nhpde80er,Garcia,Yimi,,1990,8,18,garciyi01,,12095,554340,8895,garciyi01,9815
7nrlfr2db0,Phillips,Connor,,2001,5,4,phillco01,,27649,683175,11855,phillco01,12173
7pzmxnhs8d,Scott,Tanner,,1994,7,22,scottta01,,17586,656945,9772,scottta01,10432
7qd34sz5v0,Turner,Trea,,1993,6,30,turnetr01,,16252,607208,9132,turnetr01,10056
7qhz26hxf0,Frelick,Sal,,2000,4,19,frelisa01,,29622,686217,11581,frelisa01,12476
7r9sm6ge3h,Misiorowski,Jacob,,2002,4,3,misioja01,,sa3020644,694819,11894,misioja01,60254
7rsl8e89sr,Amador,Adael,,2003,4,11,amadoad01,,27962,691182,11965,amadoad01,12411
7s661hv5l4,Marte,Ketel,,1993,10,12,marteke01,,13613,606466,9112,marteke01,10036
7v4vcstgt4,Farmer,Kyle,,1990,8,17,farmeky01,,14813,571657,9537,farmeky01,10775
7vykclmzer,Walker,Christian,,1991,3,28,walkech02,,13419,572233,8924,walkech02,9846
7x3dgmgbcm,Chandler,Bubba,,2002,9,14,chandbu01,,sa3017428,696149,12035,chandbu01,12516
7y9ytlkvwr,Rogers,Tyler,,1990,12,17,rogerty01,,15541,643511,10725,rogerty01,11644
80vlvlt3em,Myers,Dane,,1996,3,8,myersda01,,22054,667472,11820,myersda01,62217
80vy5rgwt0,Ortiz,Joey,,1998,7,14,ortizjo06,,25493,687401,11625,ortizjo06,12374
851rmvb0d4,Snider,Collin,,,,,snideco01,,23307,676092,11389,,12334
856se54j3h,Langeliers,Shea,,1997,11,18,langesh01,,25816,669127,10845,langesh01,11728
86qb7x17ch,Milner,Hoby,,1991,1,13,milneho01,,13346,571948,9589,milneho01,10736
86sb9xzhgd,Silseth,Chase,,2000,5,18,silsech01,,30074,681217,11468,silsech01,12615
872pwbd3vm,Joe,Connor,,1992,8,16,joeco01,,16572,656582,10517,joeco01,11256
89c0f8nxgw,Imanaga,Shota,,1993,9,1,imanash01,,33829,684007,11884,imanash01,63640
8bw2t9p8tw,Chivilli,Angel,,2002,7,28,chivian01,,26790,683409,11974,,63478
8cendczsm8,Suzuki,Seiya,,1994,8,18,suzukse01,,30116,673548,11305,suzukse01,12588
8dl3r0kw60,McNeil,Jeff,,1992,4,8,mcneije01,,15362,643446,10061,mcneije01,11118
8e48t6m0pw,Berti,Jon,,1990,1,22,bertijo01,,12037,542932,10113,bertijo01,11169
8edzj03p1w,Hill,Derek,,1995,12,30,hillde01,,16947,656537,10714,hillde01,9866
8f84cth7mh,Burger,Jake,,1996,4,10,burgeja01,,22275,669394,10224,burgeja01,10877
8ff5zpg1bh,Eder,Jake,,1998,10,9,ederja01,,sa3014917,671109,11238,ederja01,63309
8hlsefv9rw,Encarnacion,Jerar,,1997,10,22,encarje01,,21871,666464,10839,encarje01,11783
8hx0ykpf0w,Faucher,Calvin,,1995,9,22,fauchca01,,20116,676534,11395,fauchca01,12311
8kgzmz3kvh,Winn,Keaton,,1998,2,20,winnke01,,23499,676775,11680,winnke01,12737
8kslrzszzd,Rice,Ben,,1999,2,22,ricebe01,,29576,700250,11911,ricebe01,62137
8m210nymch,Jameson,Drey,,1997,8,17,jamesdr01,,26260,686753,11403,jamesdr01,11724
8m527e9esd,Santander,Anthony,,1994,10,19,santaan02,,14551,623993,9599,santaan02,10666
8mcg10mesd,Martinez,Angel,,2002,1,27,martian02,,26540,682657,11675,martian02,12400
8mk1wg68d8,Sanchez,Cristopher,,1996,12,12,sanchcr01,,20778,650911,10770,sanchcr01,11706
8mmc733070,Gorman,Nolan,,2000,5,10,gormano01,,22263,669357,10303,gormano01,11391
8px8s67450,Paris,Kyren,,2001,11,11,parisky01,,26420,677347,11090,parisky01,11776
8scvw5b4y8,Feltner,Ryan,,1996,9,2,feltnry01,,21446,663372,11282,feltnry01,12265
8vzpenp9j8,Arrighetti,Spencer,,2000,1,2,arrigsp01,,29921,681293,12020,arrigsp01,60188
8xk82h0qed,Stanek,Ryne,,1991,7,26,stanery01,,15947,592773,9519,stanery01,10606
8xrld5bmcd,Dana,Caden,,2003,12,17,danaca01,,31508,702674,12171,danaca01,60217
8yhbqjl0t4,Garcia,Robert,,1996,6,14,garciro01,,23363,676395,11823,garciro01,60615
8z3q9w99kw,Bigge,Hunter,,1998,6,12,biggehu01,,26259,685801,12122,biggehu01,61839
8ztj7zg9vh,Quero,Jeferson,,2002,10,8,queroje01,,sa3015407,691620,11906,queroje01,12477
907ydx50yd,Bido,Osvaldo,,1995,10,18,bidoos01,,23150,674370,11808,bidoos01,62004
90995dbh54,Walker,Taijuan,,1992,8,13,walketa01,,11836,592836,8418,walketa01,9321
91xbvfxvnw,Dobbins,Hunter,,1999,8,30,dobbihu01,,30240,690928,12280,,64811
9223m55310,Meidroth,Chase,,2001,7,23,meidrch01,,31580,805367,12227,meidrch01,62504
925t712m1d,Weathers,Ryan,,1999,12,17,weathry01,,23796,677960,10325,weathry01,11379
93lb9yepd4,Naylor,Bo,,2000,2,21,naylobo01,,21865,666310,10143,naylobo01,11296
94ds4mmst0,Morejon,Adrian,,1999,2,27,morejad01,,20039,670970,10123,morejad01,10574
94fywyv5m8,Harrison,Kyle,,2001,8,12,harriky01,,27758,690986,11597,harriky01,12175
94mpzn4c1r,Junis,Jakob,,1992,9,16,junisja01,,13619,596001,9547,junisja01,10494
94t6gbwg38,Bregman,Alex,,1994,3,30,bregmal01,,17678,608324,9415,bregmal01,10183
95zl0klr90,Hilliard,Sam,,1994,2,21,hillisa01,,17954,656541,10457,hillisa01,11206
969mgsg000,Muncy,Max,,1990,8,25,muncyma01,,13301,571970,8691,muncyma01,9606
96j14wsvdh,O'Neill,Tyler,,1995,6,22,oneilty01,,15711,641933,9789,oneilty01,10215
96yhv63ht8,Betts,Mookie,,1992,10,7,bettsmo01,,13611,605141,8638,bettsmo01,9552
974t8n7pqm,Anderson,Ian,,1998,5,2,anderia01,,19951,666120,10217,anderia01,10424
991ydx34nd,Montgomery,Colson,,2002,2,27,montgco01,,sa3017170,695657,11892,montgco01,12413
9cdtg7r05h,Woodruff,Brandon,,1993,2,10,woodrbr01,,16162,605540,9678,woodrbr01,10730
9fbhztx940,Herrin,Tim,,1996,10,8,herriti01,,25139,682120,11676,herriti01,12733
9fcd16zl58,Goldschmidt,Paul,,1987,9,10,goldspa01,,9218,502671,8126,goldspa01,8967
9gq2bewwm0,Rojas,Miguel,,1989,2,24,rojasmi02,,7802,500743,8807,rojasmi02,9726
9h91wd7vph,DeLauter,Chase,,2001,10,8,delauch01,,sa3021053,800050,11919,delauch01,60138
9j2qb0zee8,Criswell,Jeff,,1999,3,10,criswje01,,27608,676105,12162,,12163
9kvmecbgnd,Santana,Dennis,,1996,4,12,santade01,,17878,642701,9917,santade01,10901
9lcp8s3rkw,Sousa,Bennett,,1995,4,6,sousabe01,,21345,656986,10903,,12045
9refvm9dtw,Parker,Mitchell,,1999,9,27,parkemi01,,27636,680730,11970,parkemi01,12585
9sc7mz3w3m,Happ,Ian,,1994,8,12,happia01,,17919,664023,9655,happia01,10440
9vve1j1b1m,Freeland,Kyle,,1993,5,14,freelky01,,16256,607536,8941,freelky01,9863
9w8ncvdhfr,Cobb,Alex,,1987,10,7,cobbal01,,6562,502171,8058,cobbal01,8918
9wcdevd4fm,Mangum,Jake,,1996,3,8,manguja01,,26202,663968,12067,manguja01,60623
9wfhd3en9h,Mead,Curtis,,2000,10,26,meadcu01,,23986,678554,11606,meadcu01,12558
9wxb1wn8p0,Diaz,Yainer,,1998,9,21,diazya02,,23003,673237,11559,diazya02,12435
9xenfjqht0,Patrick,Chad,,1998,8,14,patrich01,,30113,694477,12259,patrich01,61749
9xldj4m4sm,Bleday,J.J.,,1997,11,10,bledajj01,,26368,668709,10838,bledajj01,11782
9yxhj2nv9d,Miller,Shelby,,1990,10,10,millesh01,,10197,571946,7683,millesh01,8871
9zqmktw5j4,Baker,Bryan,,1994,12,2,bakerbr01,,19804,641329,10853,bakerbr01,11998
b024zr7kdd,Neto,Zach,,2001,1,31,netoza01,,31347,687263,11741,netoza01,60214
b0k8lt7et4,Merrill,Jackson,,2003,4,19,merrija01,,29490,701538,11891,merrija01,12522
b1knwecp3h,Rojas,Josh,,1994,6,30,rojasjo01,,19734,668942,10670,rojasjo01,11623
b3gztf5mgw,Ward,Taylor,,1993,12,14,wardta01,,17548,621493,10076,wardta01,10496
b3rmlh58f8,Muncy,Max,,2002,8,25,muncyma02,,29779,691777,12301,muncyma02,12501
b4bhgbrfnh,Rocker,Kumar,,1999,11,22,rockeku01,,31843,677958,12183,rockeku01,60427
b4l4e4gjrw,Durbin,Caleb,,2000,2,22,durbica01,,29646,702332,12204,durbica01,61788
b71pppg7zm,Nardi,Andrew,,1998,8,18,nardian01,,25942,677053,11536,nardian01,12673
b771j61k04,Mateo,Jorge,,1995,6,23,mateojo01,,17273,622761,9524,mateojo01,10239
b8n9bdv3vh,Arenado,Nolan,,1991,4,16,arenano01,,9777,571448,8223,arenano01,9105
b8rvwfmfn4,Contreras,Willson,,1992,5,13,contrwi01,,11609,575929,9263,contrwi01,10166
b910rz0r9d,Bieber,Shane,,1995,5,31,biebesh01,,19427,669456,10038,biebesh01,10867
b9esnl5mp4,Aguiar,Julian,,2001,6,4,aguiaju01,,30031,687924,11959,,63548
b9lmxmsxwr,Scott,Tayler,,1992,6,1,scottta02,,13652,605463,10631,,11593
b9x5jmq0v8,Larnach,Trevor,,1997,2,26,larnatr01,,21501,663616,10350,larnatr01,11347
bbq66s1gjh,Perez,Martin,,1991,4,4,perezma02,,6902,527048,7791,perezma02,8652
bc0neq02vw,Strider,Spencer,,1998,10,28,stridsp01,,27498,675911,11300,stridsp01,12281
bc33d2fh0h,Rosario,Eguy,,1999,8,25,rosareg01,,19964,666703,11367,rosareg01,12306
bd7zxc9qx8,Chapman,Matt,,1993,4,28,chapmma01,,16505,656305,9683,chapmma01,10205
bdk3lgr5er,Alonso,Pete,,1994,12,7,alonspe01,,19251,624413,10312,alonspe01,10918
bed2g8p09m,Hernandez,Nick,,1994,12,30,hernani01,,19281,663321,11866,,61280
bejzjzh8wd,Vazquez,Christian,,1990,8,21,vazquch01,,9774,543877,8843,vazquch01,9762
bkp37pzj60,Rodríguez,Elvin,,,,,rodriel02,,20962,660730,10393,,12291
bkqgxtmpp0,Brash,Matt,,1998,5,12,brashma01,,25756,666374,11297,brashma01,12278
blqpyfwwyr,Ibanez,Andy,,1993,4,3,ibanean01,,18819,628451,10979,ibanean01,10607
bnvk9tv9jr,Rendon,Anthony,,1990,6,6,rendoan01,,12861,543685,8225,rendoan01,9106
bpbh7qwgk8,Burnes,Corbin,,1994,10,22,burneco01,,19361,669203,9800,burneco01,10910
bqf0lhhnjr,Altuve,Jose,,1990,5,6,altuvjo01,,5417,514888,8116,altuvjo01,8996
brt3mhm03w,Sosa,Lenyn,,2000,1,25,sosale01,,22896,672820,11501,sosale01,12420
bwnt5b7v8r,Bride,Jonah,,1995,12,27,bridejo01,,24703,681146,11339,bridejo01,12319
bwr35zkzjr,Berrios,Jose,,1994,5,27,berrijo01,,14168,621244,8951,berrijo01,9872
bxjhnkw10w,Bautista,Felix,,1995,6,20,bautife01,,20666,642585,11379,bautife01,12346
bytw5fggvr,Marquez,German,,1995,2,22,marquge01,,15038,608566,9295,marquge01,10402
bz051klqww,Horton,Cade,,2001,8,20,hortoca01,,sa3020860,690990,11886,hortoca01,60118
c1cn85g8yh,Dubin,Shawn,,1995,9,6,dubinsh01,,24977,681869,11002,,11902
c2776evqc8,Peralta,Freddy,,1996,6,4,peralfr01,,18679,642547,9915,peralfr01,11014
c3092czjwr,Higashioka,Kyle,,1990,4,20,higasky01,,5517,543309,9470,higasky01,10678
c3lywqx8kd,Bibee,Tanner,,1999,3,5,bibeeta01,,30134,676440,11595,bibeeta01,60137
c4qlwdxbs8,Gillispie,Connor,,,,,gillico01,,26171,687362,12142,,63927
c6lppvs7h4,Rogers,Trevor,,1997,11,13,rogertr01,,22286,669432,10351,rogertr01,10909
c7bbej8wn8,Skenes,Paul,,2002,5,29,skenepa01,,33677,694973,11885,skenepa01,62972
c7gx3bvbv0,Swanson,Dansby,,1994,2,11,swansda01,,18314,621020,9432,swansda01,10234
c7ynjc2qs0,Peguero,Liover,,2000,12,31,pegueli01,,24273,678894,11096,pegueli01,11883
c9y235lgmh,Pasquantino,Vinnie,,1997,10,10,pasquvi01,,27676,686469,11415,pasquvi01,12449
cbekwzgngm,Zulueta,Yosver,,1998,1,23,zulueyo01,,27765,691172,11687,,12743
cbq1bw89b4,Miranda,Jose,,1998,6,29,miranjo01,,20538,669304,10253,miranjo01,11496
ccc2ejm25m,Palacios,Josh,,1995,7,30,palacjo01,,19818,641943,10852,palacjo01,11999
cck2przy8r,Contreras,Roansy,,1999,11,7,contrro01,,22810,672710,10426,contrro01,11804
cd3mvs1ggw,Bird,Jacob,,1995,12,4,birdja01,,21267,656234,11493,birdja01,12635
chfj0z3jfr,Acuna,Ronald,,1997,12,18,acunaro01,,18401,660670,9775,acunaro01,10646
cjvw7m9qsh,deGrom,Jacob,,1988,6,19,degroja01,,10954,594798,8784,degroja01,9701
cjy8hrn1jw,Garrett,Reed,,1993,1,2,garrere01,,16866,657585,10511,garrere01,11255
cle93hflt8,Westburg,Jordan,,1999,2,18,westbjo01,,27815,676059,11610,westbjo01,12122
cnytr461lw,Murphy,Sean,,1994,10,10,murphse01,,19352,669221,10327,murphse01,10929
cpdqehceer,Bloss,Jake,,2001,6,23,blossja01,,33168,814005,12109,blossja01,62903
cprefyqry4,Stallings,Jacob,,1989,12,22,stallja01,,13723,607732,9384,stallja01,10318
cqzngg1dnd,Vivas,Jorbit,,2001,3,9,vivasjo01,,23917,678391,11398,,12341
csmt11v0r4,Melendez,MJ,,1998,11,29,melenmj01,,22197,669004,10293,melenmj01,10891
ct6t0kdkqw,Wright,Kyle,,1995,10,2,wrighky01,,19665,657140,10093,wrighky01,10847
ct9yg460sd,Mullins,Cedric,,1994,10,1,mullice01,,17929,656775,10072,mullice01,10849
cw9rj8t68w,Andujar,Miguel,,1995,3,2,andujmi01,,15878,609280,9523,andujmi01,10544
d06cfleqt8,Perales,Luis,,2003,4,14,,,sa3014677,691384,11984,,60114
d07kjz9vgd,Laureano,Ramon,,1994,7,15,laurera01,,17128,657656,9919,laurera01,11124
d09lgnwdlw,Harper,Bryce,,1992,10,16,harpebr03,,11579,547180,7885,harpebr03,8875
d1bg7r482w,Roupp,Landen,,1998,9,10,rouppla01,,30076,694738,11634,rouppla01,60650
d1rkvrxwsh,Berroa,Prelander,,2000,4,18,berropr01,,22932,672860,11635,berropr01,12709
d3wdfp1bp8,Pallante,Andre,,1998,9,18,pallaan01,,26108,669467,11442,pallaan01,12591
d41yf2cdpr,Whitley,Forrest,,1997,9,15,whitlfo01,,19586,666215,9817,whitlfo01,10479
d430hn5480,Hendricks,Kyle,,1989,12,7,hendrky01,,12049,543294,8841,hendrky01,9758
d5s7c0gd3m,Reynolds,Bryan,,1995,1,27,reynobr01,,19326,668804,10153,reynobr01,10577
d5x9wp1yz0,Lopez,Otto,,1998,10,1,lopezot01,,19608,672640,10422,lopezot01,12100
d9hxwfw448,Bolton,Cody,,1998,6,19,boltoco01,,23265,675989,10908,,11819
d9v8ycssfr,Gusto,Ryan,,1999,3,11,gustory01,,26440,687473,12187,gustory01,63918
dc15t7939w,Wells,Austin,,1999,7,12,wellsau01,,27562,669224,11599,wellsau01,12161
dc3txvxmv4,Ramos,Bryan,,2002,3,12,ramosbr01,,25621,682868,11658,ramosbr01,12417
dcj0f9zvew,Sugano,Tomoyuki,,1989,10,11,suganto01,,35321,608372,11148,suganto01,64895
dcqfpp300m,Edwards,Xavier,,1999,8,9,edwarxa01,,22266,669364,10365,edwarxa01,11375
dcvecl3tmd,Hill,Jaden,,1999,12,22,hillja01,,30250,677955,12048,hillja01,12407
dcvkf0lem8,Siani,Michael,,1999,7,16,sianimi01,,22557,672279,10292,sianimi01,11293
ddtk845fnh,Donovan,Brendan,,1997,1,16,donovbr01,,24679,680977,11357,donovbr01,12351
degdnbg9z8,Crochet,Garrett,,1999,6,21,crochga01,,27463,676979,10900,crochga01,12046
dfxryvgh5w,Cameron,Noah,,1999,7,17,camerno01,,30184,702070,12201,camerno01,60211
dg6m1xfrjm,Williams,Trevor,,1992,4,25,willitr01,,16977,592866,9457,willitr01,10144
djcgbpyvwd,Brieske,Beau,,1998,4,5,briesbe01,,26079,689225,11429,briesbe01,12604
dk5t0lbvxm,Rodriguez,Johnathan,,1999,11,4,rodrijo01,,22530,671286,10247,rodrijo01,61828
dk7q8nv6wh,Wicks,Jordan,,1999,9,1,wicksjo01,,30094,696136,11847,wicksjo01,12384
dmdy1cy2gw,Matos,Luis,,2002,1,28,matoslu02,,26467,682641,11678,matoslu01,11871
dn1cp0xdkd,Allen,Logan,,1998,9,5,allenlo02,,27589,671106,11412,allenlo02,60139
dn3w4c2t98,Lorenzen,Michael,,1992,1,4,lorenmi01,,14843,547179,9028,lorenmi01,9949
dnhzf6yr6w,Senzatela,Antonio,,1995,1,21,senzaan01,,15488,622608,9297,senzaan01,10176
dp6kpk45hh,Casas,Triston,,2000,1,15,casastr01,,22514,671213,10355,casastr01,11279
dre64szhnd,Hader,Josh,,1994,4,7,haderjo01,,14212,623352,9492,haderjo01,10131
dryg1z7c34,Cano,Yennier,,1994,3,9,canoye01,,25911,666974,11467,canoye01,12614
ds7qq77kyr,Darvish,Yu,,1986,8,16,darviyu01,,13074,506433,8210,darviyu01,9095
dt22hn7ts4,Hanifee,Brenan,,1998,5,29,hanifbr01,,22304,669724,11873,,11427
dtd2khfrh4,Greene,Hunter,,1999,8,6,greenhu01,,22182,668881,10216,greenhu01,10862
dv1kj6r0dh,Cavalli,Cade,,1998,8,14,cavalca01,,27473,676917,10971,cavalca01,12007
dv58edyj88,Leiter,Jack,,2000,4,21,leiteja01,,30146,683004,11327,leiteja01,12561
dvxz2wnttr,Wagaman,Eric,,1997,8,14,wagamer01,,23395,676572,12181,wagamer01,62183
dww2lrb110,Gibaut,Ian,,1993,11,19,gibauia01,,17871,664139,10484,,11091
dxr2v5b0nd,Senga,Kodai,,1993,1,30,sengako01,,31838,673540,11182,sengako01,12776
dxvlk7lb44,Mey,Luis,,2001,6,24,meylu01,,25620,682825,12286,,64812
dxwn2k4mt4,Diaz,Yandy,,1991,8,8,diazya01,,16578,650490,9639,diazya01,10465
dz7v37m92r,Meadows,Parker,,1999,11,2,meadopa01,,23800,678009,10307,meadopa01,11310
e6hvm5xjdd,Noda,Ryan,,1996,3,30,nodary01,,23312,676116,10322,nodary01,12765
e6w3h5k5nh,Taveras,Leody,,1998,9,8,taverle01,,18900,665750,10274,taverle01,10608
e6wz4kp5zm,McDermott,Chayce,,1998,8,22,mcderch01,,29866,694646,11909,mcderch01,12438
e867w9bxtr,Miller,Mason,,1998,8,24,millema03,,31757,695243,11787,millema03,12505
e99j1wh62h,Noel,Jhonkensy,,2001,7,15,noeljh01,,24257,678877,11382,noeljh01,12313
ed5y4hrdbr,Cease,Dylan,,1995,12,28,ceasedy01,,18525,656302,10191,ceasedy01,10438
edhby3t54h,Vest,Will,,1995,6,6,vestwi01,,19769,676684,11186,vestwi01,12110
eecck70khr,Brazoban,Huascar,,1989,10,15,brazohu01,,6107,623211,11519,brazohu01,12658
ef1ltv3nb4,Kepler,Max,,1993,2,10,keplema01,,12144,596146,9172,keplema01,10095
efvpynkftr,Finnegan,Kyle,,1991,9,4,finneky01,,15009,640448,10792,finneky01,11709
eg6mz5d1f4,Sweeney,Trey,,2000,4,24,sweentr01,,29575,700242,12155,sweentr01,12494
ehhk108kkr,McLain,Matt,,1999,8,6,mclaima01,,29695,680574,11613,mclaima01,12390
ehpg9kze6h,Bichette,Bo,,1998,3,5,bichebo01,,19612,666182,9820,bichebo01,10766
ehs6g1yh3w,Holton,Tyler,,1996,6,13,holtoty01,,26231,663947,11459,holtoty01,12606
elz52gpv5d,Thomas,Lane,,1995,8,23,thomala02,,16939,657041,10446,thomala02,11238
emg73xlk0m,Realmuto,J.T.,,1991,3,18,realmjt01,,11739,592663,8800,realmjt01,9718
ep8b0wvy5m,Mountcastle,Ryan,,1997,2,18,mountry01,,18373,663624,9977,mountry01,10429
epn5x4h8j8,Schunk,Aaron,,1997,7,24,schunaa01,,25524,668845,11079,,11758
eq6mg1tp00,Urshela,Giovanny,,1991,10,11,urshegi01,,10681,570482,9069,urshegi01,9991
ev3t7bglvr,Strahm,Matt,,1991,11,12,strahma01,,13799,621381,9205,strahma01,10355
evvm4j88yw,Soderstrom,Tyler,,2001,11,24,soderty01,,27467,691016,11071,soderty01,12005
exhrkqwy38,Thaiss,Matt,,1995,5,6,thaisma01,,19318,642136,10286,thaisma01,10497
f13mk75dj8,Kurtz,Nick,,2003,3,12,kurtzni01,,35110,701762,12222,kurtzni01,64313
f22cd935p0,Pearson,Nate,,1996,8,20,pearsna01,,20160,663878,10295,pearsna01,10960
f2lwprp9mh,Civale,Aaron,,1995,6,12,civalaa01,,19479,650644,10640,civalaa01,10869
f4kgvg1bfr,Jansen,Danny,,1995,4,15,janseda01,,16535,643376,9795,janseda01,10959
f521cjy84h,Handley,Maverick,,1998,3,10,handlma01,,26106,668974,12388,,60901
f8wh4p8mg4,Fraley,Jake,,1995,5,25,fraleja01,,19260,641584,10225,fraleja01,11568
f8zxgqbzs4,Trammell,Taylor,,1997,9,13,trammta01,,19960,666211,10339,trammta01,10866
fcj7t91fs0,Helsley,Ryan,,1994,7,18,helslry01,,18138,664854,10321,helslry01,10946
fcse1d3wx4,Bell,Josh,,1992,8,14,belljo02,,13145,605137,8962,belljo02,9883
feg5lm8bbd,Sale,Chris,,1989,3,30,salech01,,10603,519242,7887,salech01,8780
fh3wl3fd34,Thompson,Ryan,,1992,6,26,thompry02,,16647,657044,10960,thompry01,11889
fh7pkx4wxr,Little,Luke,,2000,8,30,littllu01,,28036,681432,11858,,60126
fj4xv3d9sh,Perdomo,Geraldo,,1999,10,22,perdoge01,,22799,672695,10397,perdoge01,11417
fll5nwp37h,Jung,Jace,,2000,10,4,jungja01,,31437,690291,11929,jungja01,60170
fpkcqtnnyr,Festa,David,,2000,3,8,festada01,,30056,701581,11902,festada01,60269
fq8y2revy8,Selby,Colin,,1997,10,24,selbyco01,,24986,681882,11669,,12757
fqb6h1sdbh,Kelly,Carson,,1994,7,14,kellyca02,,13620,608348,9452,kellyca02,10395
fr4d588e20,Harvey,Hunter,,1994,12,9,harvehu01,,15507,640451,8633,harvehu01,9547
frcyhvvbgd,Doval,Camilo,,1997,7,4,dovalca01,,21992,666808,11105,dovalca01,11536
fsv3t6tq7m,Lawlar,Jordan,,2002,7,17,lawlajo01,,29976,691783,11439,lawlajo01,12355
fw8spljj6w,Lugo,Matthew,,2001,5,9,,,sa1169598,683090,12270,,11737
fwb7kbrq08,Langford,Wyatt,,2001,11,15,langfwy01,,33333,694671,11881,langfwy01,62973
fx7zd1yet4,De La Cruz,Bryan,,1996,12,16,delacbr01,,19600,650559,11247,delacbr01,12236
fz9xfw51m8,Rodríguez,Randy,,,,,rodrira02,,23974,678495,11393,,12305
fzhd45mcy4,Vaughn,Andrew,,1998,4,3,vaughan01,,26197,683734,10788,vaughan01,11866
fzkgsedtqd,Sands,Cole,,1997,7,17,sandsco01,,21461,663485,11364,sandsco01,12156
g08znks580,Hernández,Daysbel,,1996,9,15,hernada03,,20271,678226,11832,,63278
g0crklgvxr,Devers,Rafael,,1996,10,24,deverra01,,17350,646240,9708,deverra01,10235
g0k5zdkg68,Naylor,Josh,,1997,6,22,naylojo01,,18839,647304,10255,naylojo01,10572
g0xszc9swr,Alvarez,Nacho,,2003,4,11,alvarna01,,31765,805373,12129,alvarna01,62057
g153xrl8mm,Simpson,Chandler,,2000,11,18,simpsch01,,31912,802415,12212,simpsch01,60420
g2ghj8y6hr,Nimmo,Brandon,,1993,3,27,nimmobr01,,12927,607043,8955,nimmobr01,9876
g4e687dg24,Dominguez,Seranthony,,1994,11,25,dominse01,,19249,622554,9838,dominse01,11011
g4w6pq621m,Trout,Mike,,1991,8,7,troutmi01,,10155,545361,7689,troutmi01,8861
g603x2ybf8,Hurtubise,Jacob,,1997,12,11,hurtuja01,,27599,674441,11917,hurtuja01,63480
g64b07yz64,Brown,Seth,,1992,7,13,brownse01,,18171,664913,10677,brownse01,11643
g75fe6l95w,Garcia,Maikel,,2000,3,3,garcima01,,22715,672580,11387,garcima01,12336
g7r1dsw9d0,Grichuk,Randal,,1991,8,13,grichra01,,10243,545341,8773,grichra01,9689
g8vcz82m34,McCormick,Chas,,1995,4,19,mccorch01,,19599,676801,10007,mccorch01,11912
ge2rv5hmdw,Suwinski,Jack,,1998,7,29,suwinja01,,22244,669261,11377,suwinja01,12342
gfejqt3qy0,Bubic,Kris,,1997,8,19,bubickr01,,21455,663460,10933,bubickr01,11319
gff7r7clm4,Bogaerts,Xander,,1992,10,1,bogaexa01,,12161,593428,8417,bogaexa01,9319
ggb895c8ch,Campbell,Kristian,,2002,6,28,campbkr01,,33644,692225,12195,campbkr01,63128
gh3lz5pcdd,Woo,Bryan,,2000,1,30,woobr01,,30279,693433,11800,woobr01,60584
ghlr2wtwt0,Means,John,,1993,4,24,meansjo01,,16269,607644,10112,meansjo01,11168
ghlz6gz0f8,Urias,Luis,,1997,6,3,uriaslu01,,16622,649966,9922,uriaslu01,10570
gk0nvg0548,Henderson,Logan,,2002,3,2,hendelo01,,31475,701656,12238,hendelo01,60262
gkt83w3vtd,Vodnik,Victor,,1999,10,9,vodnivi01,,24614,680767,11861,vodnivi01,12368
gn53y4j15w,Julien,Edouard,,1999,4,30,julieed01,,27534,666397,11592,julieed01,12729
gp3rmkjyvw,Criswell,Cooper,,1996,7,24,criswco01,,24975,681867,11270,criswco01,12256
gphl3gmkfr,Alexander,Scott,,1989,7,10,alexasc02,,10591,518397,9149,alexasc02,10072
gq0m105y2r,Torkelson,Spencer,,1999,8,26,torkesp01,,27465,679529,10831,torkesp01,11914
gqkqwzygmm,Schmidt,Clarke,,1996,2,20,schmicl01,,19899,657376,10165,schmicl01,10926
gv4wm27ech,Montero,Keider,,2000,7,6,monteke01,,22630,672456,11961,monteke01,63428
gvvybve3s8,Pomeranz,Drew,,1988,11,22,pomerdr01,,11426,519141,8189,pomerdr01,9068
gwdt5y1w68,Cleavinger,Garrett,,1994,4,23,cleavga01,,17897,664076,10769,cleavga01,11704
gwjngmh5cd,Lindor,Francisco,,1993,11,14,lindofr01,,12916,596019,8226,lindofr01,9116
gx716bkt14,Dubon,Mauricio,,1994,7,19,dubonma01,,16530,643289,9802,dubonma01,10524
h0ws4vgm4w,Roberts,Ethan,,1997,7,4,roberet01,,24930,681799,11361,,12327
h1mw96sp4h,Weissert,Greg,,1995,2,4,weissgr01,,20375,669711,10585,,12685
h1yz56lxwh,Javier,Cristian,,1997,3,26,javiecr01,,17606,664299,10717,javiecr01,11315
h2pxhtsyl0,Misner,Kameron,,1998,1,8,misneka01,,26374,670224,12139,misneka01,11784
h37zjyr4bm,Caissie,Owen,,2002,7,8,caissow01,,sa3014465,683357,12050,caissow01,12127
h3smyr786d,Keller,Mitch,,1996,4,4,kellemi03,,17594,656605,9799,kellemi01,10565
h47tkyh4g4,Anderson,Tim,,1993,6,23,anderti01,,15172,641313,8976,anderti01,9897
h4bdmw05pm,Kirk,Alejandro,,1998,11,6,kirkal01,,22581,672386,10851,kirkal01,11853
h5nx8cjevd,Lange,Alex,,1995,10,2,langeal01,,19883,656638,11062,langeal01,10860
h6fhz35kjr,Mazur,Adam,,2001,4,20,mazurad01,,31900,800049,12100,mazurad01,60347
h76dh35kf8,King,Michael,,1995,5,25,kingmi01,,19853,650633,10289,kingmi01,11661
h8qhlz4jfd,Strowd,Kade,,1997,9,17,,,sa3011418,669704,12273,,60896
h8xtqwprth,Harris II,Michael,,2001,3,7,harrimi04,,25931,671739,11065,harrimi04,12056
hdd75rv8y4,Adell,Jo,,1999,4,8,adelljo01,,20220,666176,10241,adelljo01,10893
hdkdq74nc4,Morgan,Eli,,1996,5,13,morgael01,,20203,669212,10928,morgael01,11447
hfy3r72etd,Bellinger,Cody,,1995,7,13,bellico01,,15998,641355,9649,bellico01,10504
hl5rkgnrjm,Wood,James,,2002,9,17,woodja03,,29518,695578,11750,woodja03,12521
hl83z0s4rm,Brown,Hunter,,1998,8,29,brownhu01,,25880,686613,11435,brownhu01,12141
hlrzp553r4,Moreno,Gabriel,,2000,2,14,morenga01,,22664,672515,11117,morenga01,11855
hnlj0vep38,McKinstry,Zach,,1995,4,29,mckinza01,,19392,656716,9993,mckinza01,11700
hnz9g8yepw,Torrens,Luis,,1996,5,2,torrelu01,,15905,620443,9600,torrelu01,10669
hq0z56n47r,Kavadas,Niko,,1998,10,27,kavadni01,,29782,694359,12157,kavadni01,60112
hq2132fl5d,Neely,Jack,,2000,6,5,neelyja01,,30106,680891,12160,,62326
hq4p5eebk4,Alvarez,Francisco,,2001,11,19,alvarfr01,,26121,682626,11118,alvarfr01,11349
hr6kwzpep8,Jimenez,Joe,,1995,1,17,jimenjo02,,15761,641729,9644,jimenjo02,10468
hrgyj9n34r,Salazar,César,,1998,5,5,salazce01,,21587,663967,11781,,61796
hrjphg738h,Fitzgerald,Tyler,,1997,9,15,fitzgty01,,26208,666149,11874,fitzgty01,61346
htwx7zbk5h,Mervis,Matt,,1998,4,16,mervima01,,27845,670223,11582,mervima01,12777
hwc5l3g8pd,Yoho,Craig,,1999,10,23,yohocr01,,33248,684974,12225,yohocr01,63247
hwdh5dd5e8,Rivas,Leo,,1997,10,10,rivasle01,,21009,660844,12081,rivasle01,11326
hx3tjfdrw4,Rafaela,Ceddanne,,2000,9,18,rafaece01,,24262,678882,11628,rafaece01,12730
hxchk95r8m,Lucas,Easton,,1996,9,23,lucasea01,,26058,687922,11859,lucasea01,61880
hy6wh177hd,Cantillo,Joey,,1999,12,18,cantijo01,,23335,676282,10401,cantijo01,11823
j055yvch74,Iglesias,Raisel,,1990,1,4,iglesra01,,17130,628452,8981,iglesra01,9902
j0xfv52pjr,Edman,Tommy,,1995,5,9,edmanto01,,19470,669242,10569,edmanto01,11596
j1v4kw6et4,Wesneski,Hayden,,1997,12,5,wesneha01,,27581,669713,11411,wesneha01,12497
j2j4k56zf4,Suarez,Albert,,1989,10,8,suareal01,,6175,544150,9358,suareal01,10285
j44z5pfmp4,Schneemann,Daniel,,1997,1,23,schneda04,,25180,682177,12098,schneda04,61948
j7cxp7lv5d,Yastrzemski,Mike,,1990,8,23,yastrmi01,,14854,573262,10626,yastrmi01,10119
j966n3e86w,McClanahan,Shane,,1997,4,28,mcclash01,,21483,663556,10332,mcclash01,11398
jb1rzel998,Santillan,Tony,,1997,4,15,santito01,,19926,663574,10347,santito01,10864
jbmmwkd3mh,Seager,Corey,,1994,4,27,seageco01,,13624,608369,8668,seageco01,9584
jd127wklsm,Ruiz,Keibert,,1998,7,20,ruizke01,,19610,660688,10263,ruizke01,10899
jd2l4eh3y8,Mayo,Coby,,2001,12,10,mayoco01,,28312,691723,11889,mayoco01,12372
jd5lhtnvk4,Taylor,Chris,,1990,8,29,tayloch03,,13757,621035,8852,tayloch03,9771
jdf9qjtq4w,Gonsolin,Tony,,1994,5,14,gonsoto01,,19388,664062,10346,gonsoto01,11331
jhg3jtkd2r,Whitlock,Garrett,,1996,6,11,whitlga01,,20191,676477,11190,whitlga01,11358
jhzfsrgjjm,Hudson,Bryan,,1997,5,8,hudsobr01,,19924,663542,11812,hudsobr01,10444
jjgbb46fjh,Kwan,Steven,,1997,9,5,kwanst01,,24610,680757,11315,kwanst01,12314
jjhy663y0m,Outman,James,,1997,5,14,outmaja01,,24770,681546,11399,outmaja01,12339
jktn3mgxvw,Liberatore,Matthew,,1999,11,6,liberma01,,22294,669461,10287,liberma01,11397
jm8tp2rlpr,Aleman,Franco,,2000,6,26,,,sa3018178,680916,12032,,61927
jpz6kqm20d,Hassell,Robert,,2001,8,15,hassero01,,sa3014701,690987,11046,hassero01,11984
jq28yhncf4,Garcia,Luis,,2000,5,16,garcilu04,,20391,671277,10279,garcilu04,10964
jsk06fv3mh,Soriano,Jose,,1998,10,20,soriajo02,,22100,667755,11187,soriajo02,11327
jt4p0bp0pd,Lopez,Reynaldo,,1994,1,4,lopezre01,,16400,625643,9410,lopezre01,10152
jtwd90017w,Cruz,Fernando,,1990,3,28,cruzfe01,,7048,518585,11557,cruzfe01,12690
jvk04x5t5w,Gipson-Long,Sawyer,,1997,12,12,gipsosa01,,26048,687830,11863,gipsosa01,62054
jvkyzbm488,Butler,Lawrence,,2000,7,10,butlela01,,22542,671732,11649,butlela01,12719
jzxfskxexm,Freeman,Tyler,,1999,5,21,freemty01,,22532,671289,10356,freemty01,11754
k0kzm1sfgm,Keller,Brad,,1995,7,27,kellebr01,,15734,641745,9936,kellebr01,10418
k0rgcgce90,Rodriguez,Julio,,2000,12,29,rodriju01,,23697,677594,10260,rodriju01,11384
k2tg2qkgf4,Saggese,Thomas,,2002,4,10,saggeth01,,27883,695336,11895,saggeth01,60431
k2y9l8tcjh,Brito,Juan,,2001,9,24,britoju02,,sa3009808,682877,11773,britoju02,12734
k386070qyh,Detmers,Reid,,1999,7,8,detmere01,,27468,672282,10915,detmere01,11926
k52mtptpc4,Arias,Gabriel,,2000,2,27,ariasga01,,22563,672356,10200,ariasga01,11524
k5b053nxzw,Estes,Joey,,2001,10,8,estesjo01,,26257,683155,11871,estesjo01,12362
k5v50066y8,Rortvedt,Ben,,1997,9,25,rortvbe01,,20287,666163,11158,rortvbe01,10533
k87j0bd4fh,Benson,Will,,1998,6,16,bensowi01,,21853,666181,10362,bensowi01,10464
k939h8jrr0,Winckowski,Josh,,1998,6,28,winckjo01,,22387,670174,11363,winckjo01,12329
k9dkfxvmqr,Sears,JP,,1996,2,19,searsjp01,,23429,676664,11401,searsjp01,12333
k9kx9nmqsh,Canning,Griffin,,1996,5,11,cannigr01,,19867,656288,10209,cannigr01,10894
kbc8cdh8lr,Buxton,Byron,,1993,12,18,buxtoby01,,14161,621439,8674,buxtoby01,9590
ke36lydqwh,Wilson,Will,,1998,7,21,wilsowi03,,25434,669717,11104,,11833
kefx6t3w48,Baty,Brett,,1999,11,13,batybr01,,26123,683146,11123,batybr01,11796
kegg0fde08,Marsh,Alec,,1998,5,14,marshal01,,27451,679525,11144,marshal01,12446
kem1z5c7rh,Falter,Bailey,,1997,4,24,falteba01,,20070,663559,11171,falteba01,12104
ker9yjrev4,Fermin,Freddy,,1995,5,16,fermifr01,,21840,666023,11514,fermifr01,12013
kkqe6fzq1m,Sanchez,Gary,,1992,12,2,sanchga02,,11442,596142,8212,sanchga02,9097
kktrehtqgr,Cecconi,Slade,,1999,6,24,ceccosl01,,27500,677944,11836,ceccosl01,12118
klcvrnkfcd,Sabol,Blake,,1998,1,7,sabolbl01,,25805,666165,11728,sabolbl01,12767
km0bybrfv4,Smith-Shawver,AJ,,2002,11,20,smithaj01,,29960,700363,11774,smithaj01,12366
knf574k1p8,Barlow,Scott,,1992,12,18,barlosc01,,14993,605130,9923,barlosc01,10998
kq4p58yp0w,Hentges,Sam,,1996,7,8,hentgsa01,,18548,656529,10326,hentgsa01,11204
kq86ywwysr,Law,Derek,,1990,9,14,lawde01,,13133,571882,9289,lawde01,10269
kqcc9w37b4,Fry,David,,1995,11,20,fryda01,,24934,681807,11789,fryda01,61262
kr950ehhn8,Morel,Christopher,,1999,6,24,morelch01,,21897,666624,11154,morelch01,11743
krtbb96b24,Espino,Daniel,,2001,1,5,espinda02,,sa3011495,682982,10926,espinda02,11753
ktdvn46c7h,Carpenter,Kerry,,1997,9,2,carpeke01,,25961,681481,11530,carpeke01,12667
ktj01ver4d,Crawford,Kutter,,1996,4,1,crawfku01,,20531,676710,11283,crawfku01,11431
ktnd4sx1lm,Pham,Tommy,,1988,3,8,phamth01,,2967,502054,8919,phamth01,9842
kvrx5zerrd,Fulford,Braxton,,1998,12,9,fulfobr01,,29704,690924,12378,,60687
kwn2040c40,Martini,Nick,,1990,6,7,martini02,,12005,605361,10039,martini02,11038
kwqp8ch7wh,Massey,Michael,,1998,3,22,massemi02,,27684,686681,11516,massemi02,12657
kyg9t5fgbr,Conine,Griffin,,1997,7,11,coningr01,,21626,665052,10210,coningr01,11555
kzdcxzczcm,Harrington,Thomas,,2001,7,12,harrith01,,31989,802419,12207,harrith01,60337
l17x6wb560,Musgrove,Joe,,1992,12,4,musgrjo01,,12970,605397,9248,musgrjo01,10185
l2hvnkt1s8,Rodriguez,Eduardo,,1993,4,7,rodried05,,13164,593958,8632,rodried05,9546
l41bvk2v7w,Hendriks,Liam,,1989,2,10,hendrli01,,3548,521230,8170,hendrli01,9057
l4hjmsybp8,Candelario,Jeimer,,1993,11,24,candeje01,,13621,600869,9264,candeje01,10328
l784yv4w84,Woods-Richardson,Simeon,,2000,9,27,woodssi01,,24494,680573,10335,woodssi01,11503
l7ydc6e1cw,Miller,Owen,,1996,11,15,milleow01,,24655,680911,10423,milleow01,11824
l8mcc9b1qm,Williamson,Brandon,,1998,4,2,willibr02,,25463,682227,10877,willibr02,11829
l8nbpw4jew,Luzardo,Jesus,,1997,9,30,luzarje01,,19959,666200,10235,luzarje01,10627
l9mp9nhvkd,Vierling,Matt,,1996,9,16,vierlma01,,21558,663837,11223,vierlma01,12210
lb206j2khh,Marte,Noelvi,,2001,10,16,marteno01,,26517,682622,10419,marteno01,11529
lc15p9yx14,Kim,Ha-Seong,,1995,10,17,kimha01,,27506,673490,11147,kimha01,12116
lc2c1qq11d,Judge,Aaron,,1992,4,26,judgeaa01,,15640,592450,8956,judgeaa01,9877
lcs4xn65cw,Newcomb,Sean,,1993,6,12,newcose01,,16943,656794,8947,newcose01,9868
lemv3k277d,Payamps,Joel,,1994,4,7,payamjo01,,14332,606303,10496,payamjo01,11193
lesbfq6zgm,Shaw,Matt,,2001,11,6,shawma01,,33322,807713,11921,shawma01,62984
lkn160jx5h,Young,Brandon,,1998,8,19,youngbr01,,sa3014926,687064,12223,youngbr01,64813
ll06syz1bh,Peterson,David,,1995,9,3,peterda01,,20302,656849,10181,peterda01,10921
ll7w2svpmh,Tinoco,Jesus,,1995,4,30,tinocje01,,16300,622786,9845,tinocje01,11082
llddjbb0c4,Hoffman,Jeff,,1993,1,8,hoffmje02,,17432,656546,8975,hoffmje02,9896
lrx12ts880,Bradish,Kyle,,1996,9,12,bradiky01,,24586,680694,11099,bradiky01,12345
ltkvytd5yd,Rogers,Taylor,,1990,12,17,rogerta01,,13449,573124,9225,rogerta01,10133
ltwbeqbtkr,Crow-Armstrong,Pete,,2002,3,25,crowape01,,27769,691718,11864,crowape01,12157
lwpf8ynxqd,Keith,Colt,,2001,8,14,keithco01,,27899,690993,11825,keithco01,12430
lxw46qkz2m,Clase,Jonatan,,2002,5,23,clasejo01,,26599,682729,11656,clasejo01,60000
lyrrn3fd38,Urias,Ramon,,1994,6,3,uriasra01,,18795,602104,10445,uriasra01,11239
lzzthyjph8,Suter,Brent,,1989,8,29,suterbr01,,13942,608718,9436,suterbr01,10370
m0ck7nwjg4,Webb,Jacob,,1993,8,15,webbja01,,19274,657097,10442,webbja01,11195
m1d3rtnmz0,Bradley,Taj,,2001,3,20,bradlta01,,22543,671737,11588,bradlta01,12554
m1v8w8mlzh,Holmes,Clay,,1993,3,27,holmecl01,,13649,605280,9555,holmecl01,10569
m1wcxnmxjm,Lopez,Jorge,,1993,2,10,lopezjo02,,14527,605347,9173,lopezjo02,10096
m2exjeqcy4,Treinen,Blake,,1988,6,30,treinbl01,,12572,595014,8756,treinbl01,9672
m2zfrkrlqr,Clement,Ernie,,1996,3,22,clemeer01,,20352,676391,10925,clemeer01,11892
m3h9r7fmr4,Romano,Jordan,,1993,4,21,romanjo03,,16122,605447,10518,romanjo03,11253
m3v6hyk1k0,Nido,Tomas,,1994,4,12,nidoto01,,13755,621512,9499,nidoto01,10829
m4lrttk5d4,Yelich,Christian,,1991,12,5,yelicch01,,11477,592885,7903,yelicch01,9320
m4mpjjlv98,Nola,Aaron,,1993,6,4,nolaaa01,,16149,605400,8961,nolaaa01,9882
m5lxx8nn64,Renfroe,Hunter,,1992,1,28,renfrhu01,,15464,592669,8968,renfrhu01,9889
m7t494bs3d,Burke,Brock,,1996,8,4,burkebr01,,17968,656271,10483,burkebr01,11241
mdx9n2mv08,Varsho,Daulton,,1996,7,2,varshda01,,19918,662139,10180,varshda01,10843
mekbydqmfw,Refsnyder,Robert,,1991,3,26,refsnro01,,13770,608701,8929,refsnro01,9851
mepd7l2b1w,Sosa,Edmundo,,1996,3,6,sosaed01,,17022,624641,9557,sosaed01,10594
mg7nkwnsp4,Doyle,Brenton,,1998,5,14,doylebr02,,25479,686668,11653,doylebr02,12136
mgyrwrt5br,Kelly,Merrill,,1988,10,14,kellyme01,,11156,518876,10506,kellyme01,11251
mh83p87zld,Blanco,Dairon,,1993,4,26,blancda02,,19779,680118,11474,blancda02,12619
mjl228q9jd,Webb,Logan,,1996,11,18,webblo01,,17995,657277,10480,webblo01,11235
mkb1mh7878,Corona,Kenedy,,2000,3,21,,,sa3009845,685744,11995,,61684
mkcnspn9h8,Ober,Bailey,,1995,7,12,oberba01,,21224,641927,11159,oberba01,12096
mkcr4xfdyr,Puk,A.J.,,1995,4,25,pukaj01,,19343,640462,9792,pukaj01,10548
mlpf13z6g4,Kirby,George,,1998,2,4,kirbyge01,,25436,669923,10874,kirbyge01,11826
mmyzf9y6e8,Seymour,Ian,,1998,12,13,seymoia01,,sa3014512,693855,11420,seymoia01,60418
mn0mngq5h0,Castillo,Jose,Gregorio,1996,1,10,castijo03,,17169,620454,9911,castijo03,11032
mnk5sxl050,Siri,Jose,,1995,7,22,sirijo01,,17452,642350,9907,sirijo01,10865
mnljmcpjy8,Williams,Devin,,1994,9,21,willide03,,15816,642207,10665,willide03,11628
mryh64qwx4,Alcantara,Kevin,,2002,7,12,alcanke01,,25971,682634,10406,alcanke01,11802
msx71d7e8m,Cabrera,Oswaldo,,1999,3,1,cabreos01,,21707,665828,11391,cabreos01,12331
mszhv1nvth,Anthony,Roman,,2004,5,13,anthoro01,,sa3020211,701350,11948,anthoro01,60108
mt51fk88t4,Pena,Jeremy,,1997,9,22,penaje02,,21636,665161,11309,penaje01,11768
mxllee20h0,Gore,MacKenzie,,1999,2,24,gorema01,,22201,669022,9973,gorema01,10940
mxs2fflyg8,Herrera,Jose,,1997,2,24,herrejo04,,17040,645444,11321,herrejo04,12292
mxvbdfhr04,Rosario,Amed,,1995,11,20,rosaram01,,15518,642708,9500,rosaram01,10233
mydvrp54mr,Richardson,Lyon,,2000,1,18,richaly01,,24581,680689,11143,richaly01,11444
mz04w003kh,Johnson,Pierce,,1991,5,10,johnspi01,,13435,572955,8645,johnspi01,9559
mzlsxqxlz4,Scherzer,Max,,1984,7,27,scherma01,,3137,453286,6837,scherma01,8193
mznyw2vkm8,Bailey,Patrick,,1999,5,29,bailepa01,,27478,672275,11102,bailepa01,12054
n07tkf7g10,Narváez,Carlos,,1998,11,26,narvaca01,,19722,665966,12012,,60536
n15xjcvvmr,Leclerc,Jose,,1993,12,19,leclejo01,,14524,600917,9239,leclejo01,10336
n1k5x0snm4,Bader,Harrison,,1994,6,3,baderha01,,18030,664056,9710,baderha01,10591
n4bgm3y58m,Halpin,Petey,,2002,5,26,,,sa3014461,690984,12275,,12404
n4p7pn0prr,Brasier,Ryan,,1987,8,26,brasiry01,,5615,518489,8481,brasiry01,9388
n57f3htvtd,Veen,Zac,,2001,12,12,veenza01,,27770,691728,11331,veenza01,12133
n75epejnew,Hart,Kyle,,1992,11,23,hartky01,,19646,606996,10759,hartky01,11684
n7n57hvnlm,Smith,Pavin,,1996,2,6,smithpa04,,19892,656976,10309,smithpa04,10842
n8d3smnrj0,Pfaadt,Brandon,,1998,10,15,pfaadbr01,,27782,694297,11586,pfaadbr01,60056
nbnqnmdn7h,Santos,Gregory,,1999,8,28,santogr01,,21894,666619,11166,santogr01,11537
nbyy6ydrs0,Buehler,Walker,,1994,7,28,buehlwa01,,19374,621111,9764,buehlwa01,10509
nc2ywrpvsw,Kiner-Falefa,Isiah,,1995,3,23,kineris01,,16512,643396,9863,kineris01,10992
nc9m76pl3m,Paredes,Isaac,,1999,2,18,paredis01,,20036,670623,10218,paredis01,10881
nceemqljww,Freeman,Freddie,,1989,9,12,freemfr01,,5361,518692,7793,freemfr01,8658
nd0e97l7gd,Brennan,Will,,1998,2,2,brennwi02,,25660,686823,11578,brennwi02,12703
nkqgwnp0wr,Estevez,Carlos,,1992,12,28,estevca01,,14542,608032,9294,estevca01,10274
nkx2ejreqh,Lugo,Seth,,1989,11,17,lugose01,,12447,607625,9312,lugose01,10326
nmmmvsc8m4,Dreyer,Jack,,,,,dreyeja01,,30249,676263,12296,,62262
nmxxb4sdpd,Spence,Mitch,,1998,5,6,spencmi01,,27707,687765,12002,spencmi01,61384
nnfe21j10h,Thomas,Alek,,2000,4,28,thomaal01,,23792,677950,10126,thomaal01,11267
nqh6jhwzxw,Grisham,Trent,,1996,11,1,grishtr01,,18564,663757,10658,grishtr01,10522
nt7wqcw50r,Lowe,Josh,,1998,2,2,lowejo01,,19953,666139,10254,lowejo01,10601
nvzxjzbhlr,Campusano,Luis,,1998,9,29,campulu01,,22217,669134,11043,campulu01,11527
nw61lv5hd4,Blackburn,Paul,,1993,12,4,blackpa01,,14739,621112,9578,blackpa01,10756
nxl2zdyx50,Ramirez,Agustin,,2001,9,10,ramirag01,,26546,682663,11985,ramirag01,61818
nz21gwvw3w,Hinds,Rece,,2000,9,5,hindsre01,,27493,677956,11113,hindsre01,11748
p0v5xd8qdr,Gurriel,Lourdes,,1993,10,19,gurrilo01,,19238,666971,9475,gourrlo01,10616
p1m7kldmcr,Peralta,Luis,,2001,1,6,perallu01,,24203,678821,12163,,64787
p2dbycs0sw,Bello,Brayan,,1999,5,7,bellobr01,,23920,678394,11362,bellobr01,12330
p3m0zebjsw,Dingler,Dillon,,1998,9,17,dingldi01,,27464,693307,10920,dingldi01,11928
p4y1zfv91r,Wheeler,Zack,,1990,5,30,wheelza01,,10310,554430,8235,wheelza01,9124
p56vtymyj8,Ozuna,Marcell,,1990,11,12,ozunama01,,10324,542303,8478,ozunama01,9385
p5glmrbbg4,Bassitt,Chris,,1989,2,22,bassich01,,12304,605135,8879,bassich01,9799
p6cy0rtegh,Lee,Jung Hoo,,1998,8,20,leeju01,,33824,808982,11903,leeju01,63494
p7s9h4sb6w,Trevino,Jose,,1992,11,28,trevijo01,,16725,624431,9862,trevijo01,11045
p7thkhev88,Gausman,Kevin,,1991,1,6,gausmke01,,14107,592332,8427,gausmke01,9334
p894hpp6c4,Callihan,Tyler,,2000,6,22,callity01,,27497,682997,11142,,11747
p8xj72z5vh,Mejia,Juan,,2000,7,4,mejiaju01,,23237,675848,11975,,63479
p9f6wxmcth,Yepez,Juan,,1998,2,19,yepezju01,,18400,660766,11302,yepezju01,12283
pdk1b1bqth,Flexen,Chris,,1994,7,1,flexech01,,13896,623167,9502,flexech01,10769
pdy7g1pej8,Hernaiz,Darell,,2001,8,3,hernada04,,26224,687231,11920,hernada04,60638
phc2e77c7d,Uribe,Abner,,2000,6,20,uribeab01,,25327,682842,11664,uribeab01,12746
pjf3yjtf64,Witt Jr.,Bobby,,2000,6,14,wittbo02,,25764,677951,10932,wittbo02,11771
pkzcf2k7eh,Alvarez,Yordan,,1997,6,27,alvaryo01,,19556,670541,10367,alvaryo01,10883
pmr920kpqw,Montgomery,Mason,,2000,6,17,montgma01,,29770,682254,11621,montgma01,60412
pnbqvzj9zw,Alvarado,Jose,,1995,5,21,alvarjo03,,17780,621237,9515,alvarjo03,10692
pp5vxxcrbr,Fermin,Jose,,2001,11,28,fermijo02,,33908,820862,12386,,65071
ppspvvys3r,Blubaugh,AJ,,2000,7,4,blubaaj01,,31764,805123,12389,blubaaj01,63868
pq5j23nxyd,Foley,Jason,,1995,11,1,foleyja01,,19531,671345,11127,foleyja01,12204
pqkjxtl6mm,Black,Tyler,,2000,7,26,blackty01,,29949,672012,11890,blackty01,12478
pr2r5vzrqm,Ohtani,Shohei,,1994,7,5,ohtansh01,,19755,660271,9810,ohtansh01,10835
psfyv7mrmr,Wilson,Jacob,,2002,3,30,wilsoja05,,33266,805779,12127,wilsoja05,62976
psxn489fe4,Ruiz,Esteury,,1999,2,15,ruizes01,,21780,665923,10193,ruizes01,11378
pw4sbcynl4,Fedde,Erick,,1993,2,25,feddeer01,,17425,607200,9719,feddeer01,10229
pwrkg93mpw,Lux,Gavin,,1997,11,23,luxga01,,19955,666158,10203,luxga01,10511
pyfxmgpcq8,Tawa,Tim,,1999,4,7,tawati01,,29571,694374,12250,tawati01,60064
pyhd7c8218,Boyd,Matt,,1991,2,2,boydma01,,15440,571510,9087,boydma01,10011
pzxp7swn1r,Lee,Brooks,,2001,2,14,leebr02,,31595,686797,11740,leebr02,60266
q1563m03mr,Amaya,Miguel,,1999,3,9,amayami01,,21693,665804,10290,amayami01,11075
q1djl3rcbw,Romero,JoJo,,1996,9,9,romerjo01,,19574,668941,10528,romerjo01,10931
q5ejyyvekw,Bryant,Kris,,1992,1,4,bryankr01,,15429,592178,8644,bryankr01,9558
q5knkk216h,Conforto,Michael,,1993,3,1,confomi01,,16376,624424,8954,confomi01,9875
q61vhqk4zm,Raley,Luke,,1994,9,19,raleylu01,,19354,670042,10764,raleylu01,11348
q62ne8ktf4,Murphy,Chris,,1998,6,5,murphch01,,26214,669684,11710,murphch01,12376
q77plhe2td,Newman,Kevin,,1993,8,4,newmake01,,17696,621028,10078,newmake01,10564
q7t1jr9mq0,Suarez,Robert,,1991,3,1,suarero01,,30115,663158,11407,suarero01,12354
q7x0q4jqg8,Hernandez,Teoscar,,1992,10,15,hernate01,,13066,606192,9428,hernate01,10366
q8xmt7ee0m,Allard,Kolby,,1997,8,13,allarko01,,18694,663465,9790,allarko01,10422
q9pq2qsyxm,Francis,Bowden,,1996,4,22,francbo01,,20548,670102,11130,francbo01,12085
qbftkmzfj0,Matthews,Zebby,,2000,5,22,matthze01,,31827,805673,12148,matthze01,63601
qc5gs3y5dr,Ashcraft,Graham,,1998,2,11,ashcrgr01,,27552,668933,11417,ashcrgr01,12392
qcs9tjzhkm,Wilson,Bryse,,1997,12,20,wilsobr02,,19990,669060,10082,wilsobr02,10846
qcxb7jtf24,Smith,Josh,,1997,8,7,smithjo11,,26396,669701,11441,smithjo11,12562
qdbjwszv34,Cook,Billy,,1999,1,7,cookbi01,,29573,695257,12180,cookbi01,62430
qj8x9ke8nw,Kerkering,Orion,,2001,4,4,kerkeor01,,31776,689147,11876,kerkeor01,60329
qkq6ml8c1m,Machado,Manny,,1992,7,6,machama01,,11493,592518,7891,machama01,9111
qkxwwlncj0,Triolo,Jared,,1998,2,8,triolja01,,25807,669707,11668,triolja01,12758
qm48vewwzh,Yorke,Nick,,2002,4,2,yorkeni01,,27504,694377,11145,yorkeni01,12123
qqdfc9elj8,Mattison,Tyler,,1999,9,5,,,sa3018117,694331,12294,,60179
qqvxjt44n0,Stott,Bryson,,1997,10,6,stottbr01,,26294,681082,11086,stottbr01,11817
qr7vfznrhr,Abbott,Andrew,,1999,6,1,abbotan01,,29911,671096,11802,abbotan01,12395
qrhp3f9tyw,Skubal,Tarik,,1996,11,20,skubata01,,22267,669373,10711,skubata01,11763
qsddwgvrsm,Zeferjahn,Ryan,,1998,2,28,zeferry01,,25420,666171,12164,zeferry01,61375
qtqbkdclz4,Steer,Spencer,,1997,12,7,steersp01,,26323,668715,11556,steersp01,12688
qwexd7091d,Kochanowicz,Jack,,2000,12,22,kochaja01,,27688,686799,11967,kochaja01,11774
qx315nnb8d,Gibson,Kyle,,1987,10,23,gibsoky01,,10123,502043,8026,gibsoky01,8864
qz278pd9bh,Gray,Sonny,,1989,11,7,grayso01,,12768,543243,8546,grayso01,9459
qzb3pj78f4,Semien,Marcus,,1990,9,17,semiema01,,12533,543760,8602,semiema01,9517
r16fl66vyd,Chisholm,Jazz,,1998,2,1,chishja01,,20454,665862,10231,chishja01,10839
r1ssj2367w,Arcia,Orlando,,1994,8,4,arciaor01,,13185,606115,8950,arciaor01,9871
r615784ler,Henderson,Gunnar,,2001,6,29,hendegu01,,26289,683002,11108,hendegu01,11731
r8bj7lfsgh,Stowers,Kyle,,1998,1,2,stoweky01,,26151,669065,11414,stoweky01,11733
r8q3t44xzw,Meyer,Max,,1999,3,12,meyerma01,,27474,676974,10832,meyerma01,12015
r9p13hzbkw,Haase,Eric,,1992,12,18,haaseer01,,14111,606992,9831,haaseer01,11077
rd7xqsm3gr,Ramos,Heliot,,1999,9,7,ramoshe02,,22515,671218,10213,ramoshe01,10944
rdwswldhkw,Moore,Dylan,,1992,8,2,mooredy01,,18042,664238,10444,mooredy01,11172
redhqhzt0r,Jobe,Jackson,,2002,7,30,jobeja01,,30203,695549,11897,jobeja01,12422
rfj3dnzy08,Garcia,Adolis,,1993,3,2,garciad02,,19287,666969,9964,garciad02,11127
rj18fb3jp0,Irvin,Jake,,1997,2,18,irvinja01,,21504,663623,10976,irvinja01,11560
rmqx02kh0h,Fried,Max,,1994,1,18,friedma01,,13743,608331,8704,friedma01,9620
rqhj9d5cem,Hedges,Austin,,1992,8,18,hedgeau01,,12976,595978,8431,hedgeau01,9336
rsq51dk9sw,Oviedo,Johan,,1998,3,2,oviedjo01,,22487,670912,10892,oviedjo01,11838
rssqmxw6pd,Alcantara,Sandy,,1995,9,7,alcansa01,,18684,645261,9754,alcansa01,10597
rt71d68yf8,Contreras,Luis,Eduardo,1996,4,29,contrlu01,,25839,664351,12105,,61854
rvbv82056d,Arraez,Luis,,1997,4,9,arraelu01,,18568,650333,10481,arraelu01,11221
ryexgvc6h8,Jeffers,Ryan,,1997,6,3,jeffery01,,24618,680777,10946,jeffery01,11794
rzrz4zgykr,Severino,Luis,,1994,2,20,severlu01,,15890,622663,8958,severlu01,9879
s3tx9ee770,Baez,Javier,,1992,12,1,baezja01,,12979,595879,8643,baezja01,9557
s57qqmxl0w,Martinez,Nick,,1990,8,5,martini01,,12730,607259,8748,martini01,9651
s624zhmwc0,Jansen,Kenley,,1987,9,30,janseke01,,3096,445276,7931,janseke01,8758
s6fjsmd344,Molina,Anthony,,2002,1,12,molinan01,,26952,683627,12003,,60035
s6lm39htnd,Warren,Will,,1999,6,16,warrewi01,,30182,701542,11898,warrewi01,60295
s8nhhe2t1d,Caballero,Jose,,1996,8,30,cabaljo01,,23401,676609,11786,cabaljo01,60776
sb8cee8thh,Snell,Blake,,1992,12,4,snellbl01,,13543,605483,9328,snellbl01,10148
sbtctz9r9d,Norby,Connor,,2000,6,8,norbyco01,,29592,681393,11603,norbyco01,12370
sc9gd99vkm,Maton,Phil,,1993,3,25,matonph01,,18064,664208,9677,matonph01,10729
sdpdcq9hn4,Hampson,Garrett,,1994,10,10,hampsga01,,19262,641658,9983,hampsga01,10873
sfgeckkdgr,Giolito,Lucas,,1994,7,14,giolilu01,,15474,608337,8724,giolilu01,9640
sfh16ljyxr,Mikolas,Miles,,1988,8,23,mikolmi01,,9803,571945,9819,mikolmi01,9173
shpt3nvvld,Povich,Cade,,2000,4,12,povicca01,,30055,700249,11924,povicca01,60658
sjey1nz9r0,Kahnle,Tommy,,1989,8,7,kahnlto01,,11384,592454,8736,kahnlto01,9653
sjxeeswjlw,Wisely,Brett,,1999,5,8,wiselbr01,,27735,689172,11768,wiselbr01,12735
skknr6r6nh,Raleigh,Cal,,1996,11,26,raleica01,,21534,663728,10866,raleica01,11531
sme4ky5n5r,Romo,Drew,,2001,8,29,romodr01,,27763,691011,11914,romodr01,12134
sn96msenxh,Palacios,Richard,,1997,5,16,palacri01,,24589,680700,10425,palacri01,12316
sp8f7ws9r4,Nelson,Ryne,,1998,2,1,nelsory01,,26253,669194,11326,nelsory01,12356
sq6q3jp7gr,Leasure,Jordan,,1998,8,15,leasujo01,,29950,673929,12028,leasujo01,62085
srl4pgb9sr,McGough,Scott,,1989,10,31,mcgousc01,,12056,543518,9130,mcgousc01,10054
ssbt9jezer,Bliss,Ryan,,1999,12,13,blissry01,,29547,669208,11941,blissry01,12358
st0rqlc7e0,Minter,A.J.,,1993,9,2,minteaj01,,18655,621345,9734,minteaj01,10794
styptz72hm,Fluharty,Mason,,2001,8,13,fluhama01,,31553,689254,12373,,61987
sv200zk1s8,Walston,Blake,,2001,6,28,walstbl01,,26270,686796,11033,walstbl01,11727
swhnjwpyqd,Nelson,Kyle,,1996,7,8,nelsoky01,,20515,669459,10929,nelsoky01,11893
syz08wh7ed,Torres,Gleyber,,1996,12,13,torregl01,,16997,650402,9778,torregl01,10236
sz0l0lq6bw,Rutschman,Adley,,1998,2,6,rutscad01,,26288,668939,10704,rutscad01,11732
t4mwxmp738,Riley,Austin,,1997,4,2,rileyau01,,18360,663586,9821,rileyau01,10420
t57ntwlj3r,Eflin,Zach,,1994,4,8,eflinza01,,13774,621107,9379,eflinza01,10141
t5cm9gnqgd,Martinez,Orelvis,,2001,11,19,martior01,,25967,682619,10420,martior01,11407
t5xgkelm40,Hence,Tink,,2002,8,6,henceti01,,sa3014709,693311,12033,henceti01,12177
t60mpp05m0,Quantrill,Cal,,1995,2,10,quantca01,,19312,615698,9959,quantca01,10573
t7nnx7w7r8,Neris,Hector,,1989,6,14,nerishe01,,11804,593576,8860,nerishe01,9779
t84zmdvz34,Lewis,Royce,,1999,6,5,lewisro02,,20437,668904,10319,lewisro02,10916
t8fb82zb48,White,Eli,,1994,6,26,whiteel04,,19346,642201,10821,whiteel04,11402
tcslgq1254,Graveman,Kendall,,1990,12,21,graveke01,,15514,608665,8900,graveke01,9821
tdteytdqt8,Kinley,Tyler,,1991,1,31,kinlety01,,18297,641755,9938,kinlety01,10985
teswpd8zgw,Robert,Luis,,1997,8,3,roberlu01,,20043,673357,9958,roberlu01,10765
tf94lltmxh,McCutchen,Andrew,,1986,10,10,mccutan01,,9847,457705,6696,mccutan01,7977
tf9fgkmr98,Bart,Joey,,1996,12,15,bartjo01,,21524,663698,10245,bartjo01,11097
tfm5yxq1rd,Rodriguez,Grayson,,1999,11,16,rodrigr01,,24492,680570,10207,rodrigr01,11277
tgp13vz3hh,Bouchard,Sean,,1996,5,16,bouchse01,,21270,656248,11497,bouchse01,12639
thdk6ee42d,Cole,Gerrit,,1990,9,8,colege01,,13125,543037,8231,colege01,9121
tky4em2vcd,Cronenworth,Jake,,1994,1,21,croneja01,,18036,630105,10766,croneja01,11692
tl5qp4skph,Rodon,Carlos,,1992,12,10,rodonca01,,16137,607074,8942,rodonca01,9823
tl6zdqded4,Diaz,Elias,,1990,11,17,diazel01,,11680,553869,9153,diazel01,10076
tlbcrcn9z8,Nikhazy,Doug,,1999,8,11,nikhado01,,30142,680951,12276,,12403
tmz9hsrl10,Corbin,Patrick,,1989,7,19,corbipa01,,9323,571578,8272,corbipa01,9168
tp7mhp8cgw,Ferguson,Tyler,,1993,10,5,ferguty01,,19481,621053,12087,ferguty01,61755
tqlgmrktx8,Wolfram,Grant,,1996,12,12,wolfrgr01,,21623,664991,12330,,63647
tqzg9g7ty4,Schwellenbach,Spencer,,2000,5,31,schwesp01,,31846,680885,12096,schwesp01,12363
trelr34ntm,Holderman,Colin,,1995,10,8,holdeco01,,22361,670059,11469,holdeco01,12616
ty3jd0tjxd,Madden,Ty,,2000,2,21,maddety01,,30140,680744,11918,maddety01,12423
tz4tgvl0xm,Kjerstad,Heston,,1999,2,12,kjershe01,,31166,677008,11771,kjershe01,12121
v0jwhpb2f4,Cabrera,Edward,,1998,4,13,cabreed02,,21690,665795,10721,cabreed02,10903
v0qdg6px64,Chapman,Aroldis,,1988,2,28,chapmar01,,10233,547973,7709,chapmar01,8616
v11505ck4r,Cowles,Ben,,2000,2,15,,,sa3016976,701496,12297,,61691
v2g5gqr900,De Los Santos,Deyvison,,2003,6,21,delosde01,,sa3015168,691277,11615,delosde01,60057
v2sckwmvpw,Anderson,Tyler,,1989,12,30,anderty01,,12880,542881,9107,anderty01,10031
v2sk5fkd6h,Stephenson,Robert,,1993,2,24,stephro01,,13594,596112,8650,stephro01,9563
v3tlfzh4d8,Thorpe,Drew,,2000,10,1,thorpdr01,,31967,689672,11896,thorpdr01,60297
v4h33vlhc0,Bachman,Sam,,1999,9,30,bachmsa01,,29754,696147,11796,,12452
v4j1sgdk40,Tauchman,Mike,,1990,12,3,tauchmi01,,15274,643565,9698,tauchmi01,10747
v577m59m7d,Baldwin,Brooks,,2000,8,15,baldwbr01,,31394,681460,12128,baldwbr01,63544
v5v328dqf8,Cannon,Jonathan,,2000,7,19,cannojo02,,31730,686563,12078,cannojo02,60159
v5yf5kb680,Aranda,Jonathan,,1998,5,23,arandjo01,,21837,666018,11394,arandjo01,12309
v6x0s407q4,Gelof,Zack,,1999,10,19,gelofza01,,29766,680869,11624,gelofza01,12503
v758z7xbjh,Jones,Nolan,,1998,5,7,jonesno01,,20529,666134,10304,jonesno01,10463
v80njhlnqr,Stephenson,Tyler,,1996,8,16,stephty01,,17988,663886,10358,stephty01,10456
v8cesgr7nd,Matz,Steven,,1991,5,29,matzst01,,13361,571927,8689,matzst01,9599
v8g23cr3yw,Caglianone,Jac,,2003,2,9,caglija01,,sa3025245,695506,12211,caglija01,64312
v8p2hk99b4,Alexander,Tyler,,1994,7,14,alexaty01,,17735,641302,10646,alexaty01,10469
v8pwcecb0w,Martin,Davis,,1997,1,4,martida03,,21448,663436,11470,martida03,12617
vf0qfcs8f4,Hall,DL,,1998,9,19,halldl01,,22207,669084,10187,halldl01,10848
vh85sl4gf4,Waldron,Matt,,1996,9,26,waldrma01,,25550,663362,11815,waldrma01,61395
vjef1cgts4,LeMahieu,DJ,,1988,7,13,lemahdj01,,9874,518934,8079,lemahdj01,8949
vkbwtdzhzh,Arozarena,Randy,,1995,2,28,arozara01,,19290,668227,10671,arozara01,11104
vlzpcweb0d,Jarvis,Bryce,,1997,12,26,jarvibr01,,27477,686826,11031,,11968
vm5n35ysl8,Smith,Shane,,2000,4,4,smithsh01,,31687,681343,12305,smithsh01,63967
vn6t43sjy0,Gilbert,Logan,,1997,5,5,gilbelo01,,22250,669302,10712,gilbelo01,11381
vp9g6r8wld,Painter,Andrew,,2003,4,10,paintan01,,sa3017880,691725,11585,paintan01,60592
vpw0mfppym,Birdsong,Hayden,,2001,8,30,birdsha01,,31635,806185,12026,birdsha01,63627
vr31xjrc34,Burleson,Alec,,1998,11,25,burleal01,,27615,676475,11421,burleal01,12550
vz0zg4f7m8,Henry,Tommy,,1997,7,29,henryto01,,26285,674072,11030,henryto01,11969
w20ydbw3zm,Haniger,Mitch,,1990,12,23,hanigmi01,,14274,571745,9431,hanigmi01,10369
w27n8sc42w,Garver,Mitch,,1991,1,15,garvemi01,,15161,641598,9549,garvemi01,10789
w3d7m80qmw,Hoskins,Rhys,,1993,3,17,hoskirh01,,16472,656555,9725,hoskirh01,10556
w3hy2smnz0,Smith,Cam,,2003,2,22,smithca01,,35108,701358,12331,smithca01,64330
w3j5re2mzw,Soler,Jorge,,1992,2,25,solerjo01,,14221,624585,8331,solerjo01,9228
w4vnt3g2hr,Crews,Dylan,,2002,2,26,crewsdy01,,33541,686611,11922,crewsdy01,62971
w8y9dz0jbr,Sterner,Justin,,,,,sternju01,,27694,686993,12097,,63720
w999fd2pym,Suarez,Eugenio,,1991,7,18,suareeu01,,12552,553993,8805,suareeu01,9724
w99n89pr80,Abreu,Wilyer,,1999,6,24,abreuwi02,,23772,677800,11709,abreuwi02,12731
w99y831fww,Manzardo,Kyle,,2000,7,18,manzaky01,,29794,700932,11600,manzaky01,60411
wd10g6jhqw,Fairbanks,Peter,,1993,12,16,fairbpe01,,17998,664126,10634,fairbpe01,11597
wd1pjg73zh,Greene,Riley,,2000,9,28,greenri03,,25976,682985,10822,greenri01,11760
wg27ttznvh,Deluca,Jonny,,1998,7,10,delucjo01,,26365,676356,11681,delucjo01,12726
wglw5l6z3h,Perez,Cionel,,1996,4,21,perezci01,,19614,672335,9869,perezci01,10644
wgwvjhhx00,Taylor,Tyrone,,1994,1,22,tayloty01,,13675,621438,10114,tayloty01,10195
wh1nnf5308,Espinal,Santiago,,1994,11,13,espinsa01,,19997,669289,10781,espinsa01,11556
wh37zrpchr,Mantiply,Joe,,1991,3,1,mantijo01,,14857,573009,9450,mantijo01,10393
wjlexvchjd,Merryweather,Julian,,1991,10,14,merryju01,,16703,657240,9859,merryju01,11192
wkdg1s9x70,Sogard,Nick,,1997,9,9,sogarni01,,25483,686765,12138,,60891
wlfgcq8xb8,Mize,Casey,,1997,5,1,mizeca01,,20492,663554,10159,mizeca01,11083
wlgqz6yz50,Winn,Masyn,,2002,3,21,winnma01,,27479,691026,10899,winnma01,12025
wlnkzm5ybw,Cosgrove,Tom,,1996,6,14,cosgrto01,,23443,676680,11699,,12756
wlq8qz0s5h,Quero,Edgar,,2003,4,6,queroed01,,28022,700337,12191,queroed01,12457
wm51792zmr,Garcia,Luis,,1996,12,13,garcilu05,,23735,677651,11003,garcilu05,11903
wm73lg9hnw,Lee,Dylan,,1994,8,1,leedy01,,19996,669276,10842,leedy01,12275
wm8lyskv9h,Estrada,Thairo,,1996,2,22,estrath01,,16426,642731,9894,estrath01,10923
wnp1zzbh5d,Kent,Zak,,1998,2,24,kentza01,,25703,687849,11714,,12724
wqhnl9yh00,Rogers,Jake,,1995,4,18,rogerja03,,19452,668670,10531,rogerja03,10900
wr7lpzxfhh,Phillips,Evan,,1994,9,11,phillev01,,17734,623465,9635,phillev01,11052
wrl4gf5glr,Jung,Josh,,1998,2,12,jungjo01,,26299,673962,10980,jungjo01,11850
wx81tpmg34,McCarthy,Jake,,1997,7,30,mccarja02,,21622,664983,10226,mccarja02,11265
wxhhn2gwb8,Grissom,Vaughn,,2001,1,5,grissva01,,26031,687093,11531,grissva01,12361
wxw4hqwrv4,Horwitz,Spencer,,1997,11,14,horwisp01,,26477,687462,11434,horwisp01,12742
wymyh4w7ym,Enright,Nic,,1997,1,8,enrigni01,,sa3010299,663671,11722,enrigni01,12769
wz8m2tjgkw,Banda,Anthony,,1993,8,10,bandaan01,,14706,607455,9563,bandaan01,10413
wzgej52ljw,Santana,Carlos,,1986,4,8,santaca01,,2396,467793,7514,santaca01,8619
wzywlpzbcw,France,Ty,,1994,7,13,francty01,,17982,664034,10485,francty01,11231
x0rxqsm04w,Miller,Tyson,,1995,7,29,millety01,,19976,668338,10777,,11698
x2sy0c0350,Guerrero Jr.,Vladimir,,1999,3,16,guerrvl02,,19611,665489,9785,guerrvl02,10621
x2zgb6shz8,Schneider,Davis,,1999,1,26,schneda03,,23565,676914,11838,schneda03,61681
x3p8lfkmeh,Toglia,Michael,,1998,8,16,toglimi01,,25845,669911,11080,toglimi01,11759
x5f747991w,Paddack,Chris,,1996,1,8,paddach01,,20099,663978,10161,paddach01,10575
x6yrjterzd,Quintana,Jose,,1989,1,24,quintjo01,,11423,500779,8280,quintjo01,9176
x72s5jqzkh,Tucker,Kyle,,1997,1,17,tuckeky01,,18345,663656,9787,tuckeky01,10480
x73bdgh0b4,Erceg,Lucas,,1995,5,1,erceglu01,,19360,668674,9921,erceglu01,10659
x762qn0bv0,Martinez,Justin,,2001,7,30,martiju01,,24453,679885,11666,martiju01,12750
x9nkx4w9d8,Sandoval,Patrick,,1996,10,18,sandopa02,,19447,663776,10308,sandopa02,11478
x9q32gsp1w,Mayer,Marcelo,,2002,12,12,mayerma01,,sa3017114,691785,11934,mayerma01,12375
xfc1wet9lh,Varland,Louie,,1997,12,9,varlalo01,,27691,686973,11424,varlalo01,12695
xfxrm25vwh,Toro,Abraham,,1996,12,20,toroab01,,19844,647351,10001,toroab01,11642
xgjqnd45mm,Stroman,Marcus,,1991,5,1,stromma01,,13431,573186,8721,stromma01,9637
xgmfnnn5cm,Morton,Charlie,,1983,10,12,mortoch02,,4676,450203,6918,mortoch02,8270
xgskkcb3yr,Walls,Taylor,,1996,7,10,wallsta01,,22458,670764,10955,wallsta01,11891
xh75vmt8y8,Rooker,Brent,,1994,11,1,rookebr01,,19627,667670,10149,rookebr01,10917
xhqnfch8sw,Petty,Chase,,2003,4,4,pettych02,,30170,695534,12045,pettych02,12484
xjbxbgn4l8,Hayes,Ke'Bryan,,1997,1,28,hayeske01,,18577,663647,10262,hayeske01,10566
xjpl19qsqd,Halvorsen,Seth,,2000,2,18,halvose01,,33294,678020,12169,halvose01,63214
xk0n6xr3bm,Weaver,Luke,,1993,8,21,weavelu01,,16918,596133,9430,weavelu01,10217
xk8emrxd5m,Wagner,Will,,1998,7,29,wagnewi01,,29634,695238,12151,wagnewi01,61682
xm3r7p32t8,Bradford,Cody,,1998,2,22,bradfco01,,27597,674003,11792,bradfco01,60440
xm7pb59fjw,Duran,Ezequiel,,1999,5,22,duranez01,,23733,677649,11370,duranez01,11886
xqefs7qnmw,Crawford,J.P.,,1995,1,11,crawfjp01,,15491,641487,8694,crawfjp01,9610
xqh3j312qr,Olson,Reese,,1999,7,31,olsonre01,,24968,681857,11594,olsonre01,12429
xrz075be5r,Kittredge,Andrew,,1990,3,17,kittran01,,12828,552640,9706,kittran01,10763
xt25l8ebdh,Herget,Jimmy,,1993,9,9,hergeji01,,17556,623474,10501,hergeji01,11203
xt783zt154,Littell,Zack,,1995,10,5,litteza01,,15823,641793,9860,litteza01,11035
xwfenvbp4w,Holliday,Jackson,,2003,12,4,hollija01,,31781,702616,11751,hollija01,60090
xxq453n06m,Robinson,Chuckie,,1994,12,14,robinch04,,19824,642020,11532,,12669
xxsyb0t0ld,Trejo,Alan,,1996,5,30,trejoal01,,20056,676701,11036,trejoal01,11945
xy5dw2k034,Brujan,Vidal,,1998,2,9,brujavi01,,20536,660644,9987,brujavi01,11395
xy6l5263xd,McKenzie,Triston,,1997,8,2,mckentr01,,18000,663474,9965,mckentr01,10462
y1mnd23nd4,Peralta,Wandy,,1991,7,27,peralwa01,,14295,593974,9448,peralwa01,10391
y1qpdg5t34,Sabrowski,Erik,,1997,10,31,sabroer01,,24978,681870,12167,,63091
y218njyfh4,Owens,Tyler,,2001,1,9,owensty01,,26030,687074,12295,,63527
y2ed0w6sl0,Wells,Tyler,,1994,8,26,wellsty01,,20000,669330,11193,wellsty01,12114
y2kqpj4mpm,Pagan,Emilio,,1991,5,7,paganem01,,14771,641941,9652,paganem01,10691
y2mqjn8f2r,Tatis Jr.,Fernando,,1999,1,2,tatisfe02,,19709,665487,9948,tatisfe02,10639
y2t10fr51r,Schwarber,Kyle,,1993,3,5,schwaky01,,16478,656941,8940,schwaky01,9861
y3jwgys4xd,Rivera,Emmanuel,,1996,6,29,riverem01,,19890,656896,11231,riverem01,11473
y44lddnx8r,Gomber,Austin,,1993,11,23,gombeau01,,16561,596295,9847,gombeau01,11006
y5qcrfhv1m,Bednar,David,,1994,10,10,bednada01,,19569,670280,10681,bednada01,11645
y7461vzl5w,Mathews,Quinn,,2000,10,4,mathequ01,,sa3023407,687273,12192,mathequ01,62874
y80pwcw504,Rea,Colin,,1990,7,1,reaco01,,12317,607067,9124,reaco01,10048
y8r8nxqemd,Megill,Trevor,,1993,12,5,megiltr01,,17722,656730,10804,megiltr01,11717
yc77q48550,Moll,Sam,,1992,1,3,mollsa01,,14874,594580,9498,mollsa01,10178
yeed20xl9h,Rasmussen,Drew,,1995,7,27,rasmudr01,,25385,656876,10807,rasmudr01,11789
yj0x72c9q0,Goodman,Hunter,,1999,10,8,goodmhu01,,29715,696100,11848,goodmhu01,12409
yk4k1er088,Rengifo,Luis,,1997,2,26,rengilu01,,19858,650859,9609,rengilu01,11210
yk8t3kemeh,Herrera,Ivan,,2000,6,1,herreiv01,,20599,671056,10220,herreiv01,11836
ykn111ez8w,Yates,Kirby,,1987,3,25,yateski01,,9073,489446,8808,yateski01,9727
ylqeeqepc8,Taillon,Jameson,,1991,11,18,taillja01,,11674,592791,7886,taillja01,9123
yp3dymzkw4,Johnson,Ryan,,,,,johnsry01,,35325,696270,12368,,64367
ypp62bv758,Smith,Will,,1995,3,28,smithwi05,,19197,669257,10363,smithwi05,10642
yr1d63w2ew,Estrada,Jeremiah,,1998,11,1,estraje01,,22210,669093,11553,estraje01,12687
ysx5t6934h,Dunning,Dane,,1994,12,20,dunnida01,,19409,641540,10174,dunnida01,10451
ytql4t4mt0,Lowe,Nate,,1995,7,7,lowena01,,19566,663993,10296,lowena01,11090
yvnlffqkpm,Verdugo,Alex,,1996,5,15,verdual01,,17027,657077,9757,verdual01,10505
ywekevdz0w,Kim,Hyeseong,,1999,1,27,kimhy02,,35322,808975,12214,kimhy02,64858
ywgyqkn9kh,Wong,Connor,,1996,5,19,wongco01,,19896,657136,10937,wongco01,11483
z0dz1e1t5m,Wallner,Matt,,1997,12,12,wallnma01,,26466,670242,11576,wallnma01,11795
z1cn7e08c4,Ashby,Aaron,,1998,5,24,ashbyaa01,,23550,676879,10372,ashbyaa01,11489
z1qwtvmh74,Vesia,Alex,,1996,4,11,vesiaal01,,25007,681911,10784,vesiaal01,11920
z4sdsjf7qh,Perez,Salvador,,1990,5,10,perezsa02,,7304,521692,8134,perezsa02,9015
z4y1jjq1fw,Martin,Chris,,1986,6,2,martich02,,11847,455119,8768,martich02,9684
z56eq0xgmw,Lynch,Daniel,,1996,11,17,lynchda02,,21537,663738,10176,lynchda02,11322
z85yq85ez0,Smith,Cade,,1999,5,9,smithca06,,27867,671922,11982,smithca06,60016
z9jtdtsq8r,Schanuel,Nolan,,2002,2,14,schanno01,,33189,694384,11844,schanno01,62953
z9pw7ntb9r,Nootbaar,Lars,,1997,9,8,nootbla01,,21454,663457,11225,nootbla01,12212
zb5hmd0pyh,Brebbia,John,,1990,5,30,brebbjo01,,12777,605154,9664,brebbjo01,10711
zc871jlqr8,Meyers,Jake,,1996,6,18,meyerja02,,20308,676694,10999,meyerja01,11913
zcmvz5sc94,Munoz,Andres,,1999,1,16,munozan01,,20373,662253,10134,munozan01,11526
zcz6fs97zd,Volpe,Anthony,,2001,4,28,volpean01,,27647,683011,11325,volpean01,11809
zdtpzsc1p8,Kelenic,Jarred,,1999,7,16,kelenja01,,22558,672284,10230,kelenja01,11382
zeb60s5q8r,Ortiz,Luis,,1999,1,27,ortizlu03,,27646,682847,11572,ortizlu03,12699
zed050f2l8,Gonzalez,Romy,,1996,9,6,gonzaro01,,21562,663853,11276,gonzaro01,12262
zfl4cm1dsd,Eovaldi,Nathan,,1990,2,13,eovalna01,,9132,543135,8130,eovalna01,9007
zg6df9fpmd,May,Dustin,,1997,9,6,maydu01,,19716,669160,10189,maydu01,10898
zhfnjq9p3w,Carter,Evan,,2002,8,29,carteev01,,27790,694497,11753,carteev01,12563
zjjflfpv7m,Campero,Gustavo,,1997,9,20,campegu01,,22707,672569,12185,,62499
znbecqt5nh,Springs,Jeffrey,,1992,9,20,sprinje01,,17677,605488,10067,sprinje01,11121
zp8tkfxt8h,Ornelas,Tirso,,2000,3,11,ornelti01,,22566,672359,10343,ornelti01,11376
zqc2pvldvw,Miller,Bobby,,1999,4,5,millebo06,,27483,676272,11073,millebo06,12037
zqy3hkvsbh,Kranick,Max,,,,,kranima01,,22175,668820,10909,,11977
zvxwrv85hm,Olson,Matt,,1994,3,29,olsonma02,,14344,621566,8690,olsonma02,9605
zwgjkx38gm,Jax,Griffin,,1994,11,22,jaxgr01,,20253,643377,11218,jaxgr01,12203
zwk7xf8srm,Perez,Eury,,2003,4,15,perezeu02,,27768,691587,11591,perezeu02,12468
zx51q8l04m,Flores,Wilmer,,1991,8,6,florewi01,,5827,527038,7538,florewi01,9483
zys999p3dm,Lively,Ben,,1992,3,5,livelbe01,,14932,594902,8960,livelbe01,9881
